X;Temperature_Explicit;Temperature_Implicit
0,000000;27,064785;27,064785
0,001949;26,906089;26,906089
0,003899;26,749663;26,749663
0,005848;26,595510;26,595510
0,007797;26,443624;26,443624
0,009747;26,294004;26,294004
0,011696;26,146647;26,146647
0,013645;26,001553;26,001553
0,015595;25,858718;25,858718
0,017544;25,718138;25,718138
0,019493;25,579809;25,579809
0,021442;25,443727;25,443727
0,023392;25,309885;25,309885
0,025341;25,178276;25,178276
0,027290;25,048894;25,048894
0,029240;24,921730;24,921730
0,031189;24,796775;24,796775
0,033138;24,674020;24,674020
0,035088;24,553454;24,553454
0,037037;24,435066;24,435066
0,038986;24,318845;24,318845
0,040936;24,204778;24,204778
0,042885;24,092851;24,092851
0,044834;23,983052;23,983052
0,046784;23,875366;23,875366
0,048733;23,769778;23,769778
0,050682;23,666272;23,666272
0,052632;23,564832;23,564832
0,054581;23,465440;23,465440
0,056530;23,368081;23,368081
0,058480;23,272736;23,272736
0,060429;23,179386;23,179386
0,062378;23,088012;23,088012
0,064327;22,998595;22,998595
0,066277;22,911116;22,911116
0,068226;22,825553;22,825553
0,070175;22,741886;22,741886
0,072125;22,660094;22,660094
0,074074;22,580155;22,580155
0,076023;22,502047;22,502047
0,077973;22,425747;22,425747
0,079922;22,351234;22,351234
0,081871;22,278483;22,278483
0,083821;22,207472;22,207472
0,085770;22,138178;22,138178
0,087719;22,070575;22,070575
0,089669;22,004641;22,004641
0,091618;21,940350;21,940350
0,093567;21,877679;21,877679
0,095517;21,816602;21,816602
0,097466;21,757096;21,757096
0,099415;21,699134;21,699134
0,101365;21,642692;21,642692
0,103314;21,587744;21,587744
0,105263;21,534266;21,534266
0,107212;21,482232;21,482232
0,109162;21,431616;21,431616
0,111111;21,382394;21,382394
0,113060;21,334539;21,334539
0,115010;21,288027;21,288027
0,116959;21,242831;21,242831
0,118908;21,198928;21,198928
0,120858;21,156290;21,156290
0,122807;21,114894;21,114894
0,124756;21,074714;21,074714
0,126706;21,035725;21,035725
0,128655;20,997902;20,997902
0,130604;20,961220;20,961220
0,132554;20,925656;20,925656
0,134503;20,891183;20,891183
0,136452;20,857779;20,857779
0,138402;20,825418;20,825418
0,140351;20,794078;20,794078
0,142300;20,763734;20,763734
0,144250;20,734363;20,734363
0,146199;20,705941;20,705941
0,148148;20,678446;20,678446
0,150097;20,651856;20,651856
0,152047;20,626147;20,626147
0,153996;20,601297;20,601297
0,155945;20,577284;20,577284
0,157895;20,554088;20,554088
0,159844;20,531686;20,531686
0,161793;20,510057;20,510057
0,163743;20,489180;20,489180
0,165692;20,469036;20,469036
0,167641;20,449604;20,449604
0,169591;20,430865;20,430865
0,171540;20,412798;20,412798
0,173489;20,395384;20,395384
0,175439;20,378606;20,378606
0,177388;20,362443;20,362443
0,179337;20,346879;20,346879
0,181287;20,331896;20,331896
0,183236;20,317475;20,317475
0,185185;20,303600;20,303600
0,187135;20,290254;20,290254
0,189084;20,277420;20,277420
0,191033;20,265083;20,265083
0,192982;20,253227;20,253227
0,194932;20,241836;20,241836
0,196881;20,230895;20,230895
0,198830;20,220390;20,220390
0,200780;20,210306;20,210306
0,202729;20,200629;20,200629
0,204678;20,191346;20,191346
0,206628;20,182442;20,182442
0,208577;20,173906;20,173906
0,210526;20,165723;20,165723
0,212476;20,157883;20,157883
0,214425;20,150373;20,150373
0,216374;20,143180;20,143180
0,218324;20,136294;20,136294
0,220273;20,129704;20,129704
0,222222;20,123398;20,123398
0,224172;20,117367;20,117367
0,226121;20,111600;20,111600
0,228070;20,106086;20,106086
0,230019;20,100817;20,100817
0,231969;20,095784;20,095784
0,233918;20,090976;20,090976
0,235867;20,086386;20,086386
0,237817;20,082004;20,082004
0,239766;20,077823;20,077823
0,241715;20,073835;20,073835
0,243665;20,070031;20,070031
0,245614;20,066405;20,066405
0,247563;20,062948;20,062948
0,249513;20,059655;20,059655
0,251462;20,056519;20,056519
0,253411;20,053532;20,053532
0,255361;20,050689;20,050689
0,257310;20,047983;20,047983
0,259259;20,045409;20,045409
0,261209;20,042960;20,042960
0,263158;20,040633;20,040633
0,265107;20,038420;20,038420
0,267057;20,036318;20,036318
0,269006;20,034321;20,034321
0,270955;20,032424;20,032424
0,272904;20,030624;20,030624
0,274854;20,028915;20,028915
0,276803;20,027294;20,027294
0,278752;20,025756;20,025756
0,280702;20,024298;20,024298
0,282651;20,022916;20,022916
0,284600;20,021607;20,021607
0,286550;20,020366;20,020366
0,288499;20,019191;20,019191
0,290448;20,018079;20,018079
0,292398;20,017026;20,017026
0,294347;20,016030;20,016030
0,296296;20,015088;20,015088
0,298246;20,014197;20,014197
0,300195;20,013355;20,013355
0,302144;20,012559;20,012559
0,304094;20,011807;20,011807
0,306043;20,011097;20,011097
0,307992;20,010427;20,010427
0,309942;20,009794;20,009794
0,311891;20,009197;20,009197
0,313840;20,008634;20,008634
0,315789;20,008103;20,008103
0,317739;20,007602;20,007602
0,319688;20,007131;20,007131
0,321637;20,006686;20,006686
0,323587;20,006268;20,006268
0,325536;20,005874;20,005874
0,327485;20,005503;20,005503
0,329435;20,005154;20,005154
0,331384;20,004825;20,004825
0,333333;20,004517;20,004517
0,335283;20,004226;20,004226
0,337232;20,003954;20,003954
0,339181;20,003698;20,003698
0,341131;20,003457;20,003457
0,343080;20,003231;20,003231
0,345029;20,003019;20,003019
0,346979;20,002820;20,002820
0,348928;20,002633;20,002633
0,350877;20,002458;20,002458
0,352827;20,002294;20,002294
0,354776;20,002141;20,002141
0,356725;20,001997;20,001997
0,358674;20,001862;20,001862
0,360624;20,001735;20,001735
0,362573;20,001617;20,001617
0,364522;20,001507;20,001507
0,366472;20,001403;20,001403
0,368421;20,001306;20,001306
0,370370;20,001216;20,001216
0,372320;20,001131;20,001131
0,374269;20,001052;20,001052
0,376218;20,000979;20,000979
0,378168;20,000910;20,000910
0,380117;20,000846;20,000846
0,382066;20,000786;20,000786
0,384016;20,000730;20,000730
0,385965;20,000678;20,000678
0,387914;20,000629;20,000629
0,389864;20,000584;20,000584
0,391813;20,000542;20,000542
0,393762;20,000502;20,000502
0,395712;20,000466;20,000466
0,397661;20,000432;20,000432
0,399610;20,000400;20,000400
0,401559;20,000370;20,000370
0,403509;20,000343;20,000343
0,405458;20,000318;20,000318
0,407407;20,000294;20,000294
0,409357;20,000272;20,000272
0,411306;20,000252;20,000252
0,413255;20,000233;20,000233
0,415205;20,000215;20,000215
0,417154;20,000199;20,000199
0,419103;20,000184;20,000184
0,421053;20,000170;20,000170
0,423002;20,000157;20,000157
0,424951;20,000144;20,000144
0,426901;20,000133;20,000133
0,428850;20,000123;20,000123
0,430799;20,000113;20,000113
0,432749;20,000105;20,000105
0,434698;20,000096;20,000096
0,436647;20,000089;20,000089
0,438596;20,000082;20,000082
0,440546;20,000075;20,000075
0,442495;20,000069;20,000069
0,444444;20,000064;20,000064
0,446394;20,000059;20,000059
0,448343;20,000054;20,000054
0,450292;20,000050;20,000050
0,452242;20,000046;20,000046
0,454191;20,000042;20,000042
0,456140;20,000038;20,000038
0,458090;20,000035;20,000035
0,460039;20,000032;20,000032
0,461988;20,000030;20,000030
0,463938;20,000027;20,000027
0,465887;20,000025;20,000025
0,467836;20,000023;20,000023
0,469786;20,000021;20,000021
0,471735;20,000019;20,000019
0,473684;20,000018;20,000018
0,475634;20,000016;20,000016
0,477583;20,000015;20,000015
0,479532;20,000014;20,000014
0,481481;20,000012;20,000012
0,483431;20,000011;20,000011
0,485380;20,000010;20,000010
0,487329;20,000009;20,000009
0,489279;20,000009;20,000009
0,491228;20,000008;20,000008
0,493177;20,000007;20,000007
0,495127;20,000007;20,000007
0,497076;20,000006;20,000006
0,499025;20,000005;20,000005
0,500975;20,000005;20,000005
0,502924;20,000005;20,000005
0,504873;20,000004;20,000004
0,506823;20,000004;20,000004
0,508772;20,000003;20,000003
0,510721;20,000003;20,000003
0,512671;20,000003;20,000003
0,514620;20,000003;20,000003
0,516569;20,000002;20,000002
0,518519;20,000002;20,000002
0,520468;20,000002;20,000002
0,522417;20,000002;20,000002
0,524366;20,000002;20,000002
0,526316;20,000001;20,000001
0,528265;20,000001;20,000001
0,530214;20,000001;20,000001
0,532164;20,000001;20,000001
0,534113;20,000001;20,000001
0,536062;20,000001;20,000001
0,538012;20,000001;20,000001
0,539961;20,000001;20,000001
0,541910;20,000001;20,000001
0,543860;20,000001;20,000001
0,545809;20,000001;20,000001
0,547758;20,000001;20,000001
0,549708;20,000000;20,000000
0,551657;20,000000;20,000000
0,553606;20,000000;20,000000
0,555556;20,000000;20,000000
0,557505;20,000000;20,000000
0,559454;20,000000;20,000000
0,561404;20,000000;20,000000
0,563353;20,000000;20,000000
0,565302;20,000000;20,000000
0,567251;20,000000;20,000000
0,569201;20,000000;20,000000
0,571150;20,000000;20,000000
0,573099;20,000000;20,000000
0,575049;20,000000;20,000000
0,576998;20,000000;20,000000
0,578947;20,000000;20,000000
0,580897;20,000000;20,000000
0,582846;20,000000;20,000000
0,584795;20,000000;20,000000
0,586745;20,000000;20,000000
0,588694;20,000000;20,000000
0,590643;20,000000;20,000000
0,592593;20,000000;20,000000
0,594542;20,000000;20,000000
0,596491;20,000000;20,000000
0,598441;20,000000;20,000000
0,600390;20,000000;20,000000
0,602339;20,000000;20,000000
0,604288;20,000000;20,000000
0,606238;20,000000;20,000000
0,608187;20,000000;20,000000
0,610136;20,000000;20,000000
0,612086;20,000000;20,000000
0,614035;20,000000;20,000000
0,615984;20,000000;20,000000
0,617934;20,000000;20,000000
0,619883;20,000000;20,000000
0,621832;20,000000;20,000000
0,623782;20,000000;20,000000
0,625731;20,000000;20,000000
0,627680;20,000000;20,000000
0,629630;20,000000;20,000000
0,631579;20,000000;20,000000
0,633528;20,000000;20,000000
0,635478;20,000000;20,000000
0,637427;20,000000;20,000000
0,639376;20,000000;20,000000
0,641326;20,000000;20,000000
0,643275;20,000000;20,000000
0,645224;20,000000;20,000000
0,647173;20,000000;20,000000
0,649123;20,000000;20,000000
0,651072;20,000000;20,000000
0,653021;20,000000;20,000000
0,654971;20,000000;20,000000
0,656920;20,000000;20,000000
0,658869;20,000000;20,000000
0,660819;20,000000;20,000000
0,662768;20,000000;20,000000
0,664717;20,000000;20,000000
0,666667;20,000000;20,000000
0,668616;20,000000;20,000000
0,670565;20,000000;20,000000
0,672515;20,000000;20,000000
0,674464;20,000000;20,000000
0,676413;20,000000;20,000000
0,678363;20,000000;20,000000
0,680312;20,000000;20,000000
0,682261;20,000000;20,000000
0,684211;20,000000;20,000000
0,686160;20,000000;20,000000
0,688109;20,000000;20,000000
0,690058;20,000000;20,000000
0,692008;20,000000;20,000000
0,693957;20,000000;20,000000
0,695906;20,000000;20,000000
0,697856;20,000000;20,000000
0,699805;20,000000;20,000000
0,701754;20,000000;20,000000
0,703704;20,000000;20,000000
0,705653;20,000000;20,000000
0,707602;20,000000;20,000000
0,709552;20,000000;20,000000
0,711501;20,000000;20,000000
0,713450;20,000000;20,000000
0,715400;20,000000;20,000000
0,717349;20,000000;20,000000
0,719298;20,000000;20,000000
0,721248;20,000000;20,000000
0,723197;20,000000;20,000000
0,725146;20,000000;20,000000
0,727096;20,000000;20,000000
0,729045;20,000000;20,000000
0,730994;20,000000;20,000000
0,732943;20,000000;20,000000
0,734893;20,000000;20,000000
0,736842;20,000000;20,000000
0,738791;20,000000;20,000000
0,740741;20,000000;20,000000
0,742690;20,000000;20,000000
0,744639;20,000000;20,000000
0,746589;20,000000;20,000000
0,748538;20,000000;20,000000
0,750487;20,000000;20,000000
0,752437;20,000000;20,000000
0,754386;20,000000;20,000000
0,756335;20,000000;20,000000
0,758285;20,000000;20,000000
0,760234;20,000000;20,000000
0,762183;20,000000;20,000000
0,764133;20,000000;20,000000
0,766082;20,000000;20,000000
0,768031;20,000000;20,000000
0,769981;20,000000;20,000000
0,771930;20,000000;20,000000
0,773879;20,000000;20,000000
0,775828;20,000000;20,000000
0,777778;20,000000;20,000000
0,779727;20,000000;20,000000
0,781676;20,000000;20,000000
0,783626;20,000000;20,000000
0,785575;20,000000;20,000000
0,787524;20,000000;20,000000
0,789474;20,000000;20,000000
0,791423;20,000000;20,000000
0,793372;20,000000;20,000000
0,795322;20,000000;20,000000
0,797271;20,000000;20,000000
0,799220;20,000000;20,000000
0,801170;20,000000;20,000000
0,803119;20,000000;20,000000
0,805068;20,000000;20,000000
0,807018;20,000000;20,000000
0,808967;20,000000;20,000000
0,810916;20,000000;20,000000
0,812865;20,000000;20,000000
0,814815;20,000000;20,000000
0,816764;20,000000;20,000000
0,818713;20,000000;20,000000
0,820663;20,000000;20,000000
0,822612;20,000000;20,000000
0,824561;20,000000;20,000000
0,826511;20,000000;20,000000
0,828460;20,000000;20,000000
0,830409;20,000000;20,000000
0,832359;20,000000;20,000000
0,834308;20,000000;20,000000
0,836257;20,000000;20,000000
0,838207;20,000000;20,000000
0,840156;20,000000;20,000000
0,842105;20,000000;20,000000
0,844055;20,000000;20,000000
0,846004;20,000000;20,000000
0,847953;20,000000;20,000000
0,849903;20,000000;20,000000
0,851852;20,000000;20,000000
0,853801;20,000000;20,000000
0,855750;20,000000;20,000000
0,857700;20,000000;20,000000
0,859649;20,000000;20,000000
0,861598;20,000000;20,000000
0,863548;20,000000;20,000000
0,865497;20,000000;20,000000
0,867446;20,000000;20,000000
0,869396;20,000000;20,000000
0,871345;20,000000;20,000000
0,873294;20,000000;20,000000
0,875244;20,000000;20,000000
0,877193;20,000000;20,000000
0,879142;20,000000;20,000000
0,881092;20,000000;20,000000
0,883041;20,000000;20,000000
0,884990;20,000000;20,000000
0,886940;20,000000;20,000000
0,888889;20,000000;20,000000
0,890838;20,000000;20,000000
0,892788;20,000000;20,000000
0,894737;20,000000;20,000000
0,896686;20,000000;20,000000
0,898635;20,000000;20,000000
0,900585;20,000000;20,000000
0,902534;20,000000;20,000000
0,904483;20,000000;20,000000
0,906433;20,000000;20,000000
0,908382;20,000000;20,000000
0,910331;20,000000;20,000000
0,912281;20,000000;20,000000
0,914230;20,000000;20,000000
0,916179;20,000000;20,000000
0,918129;20,000000;20,000000
0,920078;20,000000;20,000000
0,922027;20,000000;20,000000
0,923977;20,000000;20,000000
0,925926;20,000000;20,000000
0,927875;20,000000;20,000000
0,929825;20,000000;20,000000
0,931774;20,000000;20,000000
0,933723;20,000000;20,000000
0,935673;20,000000;20,000000
0,937622;20,000000;20,000000
0,939571;20,000000;20,000000
0,941520;20,000000;20,000000
0,943470;20,000000;20,000000
0,945419;20,000000;20,000000
0,947368;20,000000;20,000000
0,949318;20,000000;20,000000
0,951267;20,000000;20,000000
0,953216;20,000000;20,000000
0,955166;20,000000;20,000000
0,957115;20,000000;20,000000
0,959064;20,000000;20,000000
0,961014;20,000000;20,000000
0,962963;20,000000;20,000000
0,964912;20,000000;20,000000
0,966862;20,000000;20,000000
0,968811;20,000000;20,000000
0,970760;20,000000;20,000000
0,972710;20,000000;20,000000
0,974659;20,000000;20,000000
0,976608;20,000000;20,000000
0,978558;20,000000;20,000000
0,980507;20,000000;20,000000
0,982456;20,000000;20,000000
0,984405;20,000000;20,000000
0,986355;20,000000;20,000000
0,988304;20,000000;20,000000
0,990253;20,000000;20,000000
0,992203;20,000000;20,000000
0,994152;20,000000;20,000000
0,996101;20,000000;20,000000
0,998051;20,000000;20,000000
1,000000;20,000000;20,000000
