X;Temperature_Explicit;Temperature_Implicit;Temperature_CN
0,000000;26,969688;26,969688;27,014080
0,000488;26,929933;26,929933;26,974334
0,000976;26,890325;26,890325;26,934729
0,001464;26,850861;26,850861;26,895267
0,001952;26,811540;26,811540;26,855946
0,002440;26,772362;26,772362;26,816767
0,002928;26,733326;26,733326;26,777730
0,003416;26,694434;26,694434;26,738835
0,003904;26,655684;26,655684;26,700082
0,004392;26,617077;26,617077;26,661471
0,004880;26,578613;26,578613;26,623001
0,005368;26,540292;26,540292;26,584674
0,005857;26,502114;26,502114;26,546488
0,006345;26,464078;26,464078;26,508445
0,006833;26,426186;26,426186;26,470543
0,007321;26,388436;26,388436;26,432783
0,007809;26,350829;26,350829;26,395165
0,008297;26,313365;26,313365;26,357689
0,008785;26,276044;26,276044;26,320355
0,009273;26,238865;26,238865;26,283163
0,009761;26,201830;26,201830;26,246112
0,010249;26,164937;26,164937;26,209203
0,010737;26,128186;26,128186;26,172436
0,011225;26,091579;26,091579;26,135811
0,011713;26,055114;26,055114;26,099328
0,012201;26,018791;26,018791;26,062986
0,012689;25,982612;25,982612;26,026785
0,013177;25,946574;25,946574;25,990726
0,013665;25,910679;25,910679;25,954809
0,014153;25,874927;25,874927;25,919033
0,014641;25,839316;25,839316;25,883399
0,015129;25,803848;25,803848;25,847906
0,015617;25,768523;25,768523;25,812554
0,016105;25,733339;25,733339;25,777343
0,016593;25,698298;25,698298;25,742274
0,017082;25,663398;25,663398;25,707346
0,017570;25,628641;25,628641;25,672558
0,018058;25,594025;25,594025;25,637912
0,018546;25,559551;25,559551;25,603406
0,019034;25,525218;25,525218;25,569041
0,019522;25,491028;25,491028;25,534817
0,020010;25,456979;25,456979;25,500734
0,020498;25,423071;25,423071;25,466791
0,020986;25,389304;25,389304;25,432988
0,021474;25,355679;25,355679;25,399326
0,021962;25,322195;25,322195;25,365803
0,022450;25,288852;25,288852;25,332421
0,022938;25,255649;25,255649;25,299179
0,023426;25,222588;25,222588;25,266077
0,023914;25,189667;25,189667;25,233115
0,024402;25,156887;25,156887;25,200292
0,024890;25,124247;25,124247;25,167609
0,025378;25,091747;25,091747;25,135065
0,025866;25,059388;25,059388;25,102661
0,026354;25,027168;25,027168;25,070395
0,026842;24,995089;24,995089;25,038269
0,027330;24,963149;24,963149;25,006282
0,027818;24,931349;24,931349;24,974433
0,028306;24,899688;24,899688;24,942723
0,028795;24,868167;24,868167;24,911152
0,029283;24,836785;24,836785;24,879719
0,029771;24,805542;24,805542;24,848424
0,030259;24,774438;24,774438;24,817267
0,030747;24,743473;24,743473;24,786248
0,031235;24,712646;24,712646;24,755366
0,031723;24,681957;24,681957;24,724623
0,032211;24,651407;24,651407;24,694016
0,032699;24,620995;24,620995;24,663547
0,033187;24,590721;24,590721;24,633215
0,033675;24,560585;24,560585;24,603020
0,034163;24,530586;24,530586;24,572962
0,034651;24,500724;24,500724;24,543040
0,035139;24,471000;24,471000;24,513255
0,035627;24,441413;24,441413;24,483605
0,036115;24,411962;24,411962;24,454092
0,036603;24,382648;24,382648;24,424715
0,037091;24,353471;24,353471;24,395473
0,037579;24,324430;24,324430;24,366367
0,038067;24,295525;24,295525;24,337396
0,038555;24,266755;24,266755;24,308560
0,039043;24,238122;24,238122;24,279859
0,039531;24,209623;24,209623;24,251292
0,040020;24,181260;24,181260;24,222860
0,040508;24,153032;24,153032;24,194562
0,040996;24,124939;24,124939;24,166399
0,041484;24,096981;24,096981;24,138369
0,041972;24,069156;24,069156;24,110472
0,042460;24,041466;24,041466;24,082709
0,042948;24,013910;24,013910;24,055080
0,043436;23,986488;23,986488;24,027583
0,043924;23,959198;23,959198;24,000219
0,044412;23,932043;23,932043;23,972987
0,044900;23,905020;23,905020;23,945888
0,045388;23,878130;23,878130;23,918920
0,045876;23,851372;23,851372;23,892085
0,046364;23,824747;23,824747;23,865381
0,046852;23,798253;23,798253;23,838808
0,047340;23,771892;23,771892;23,812366
0,047828;23,745662;23,745662;23,786055
0,048316;23,719563;23,719563;23,759875
0,048804;23,693595;23,693595;23,733825
0,049292;23,667758;23,667758;23,707905
0,049780;23,642052;23,642052;23,682115
0,050268;23,616476;23,616476;23,656455
0,050756;23,591029;23,591029;23,630924
0,051245;23,565713;23,565713;23,605522
0,051733;23,540526;23,540526;23,580248
0,052221;23,515468;23,515468;23,555103
0,052709;23,490539;23,490539;23,530087
0,053197;23,465738;23,465738;23,505198
0,053685;23,441066;23,441066;23,480437
0,054173;23,416522;23,416522;23,455804
0,054661;23,392106;23,392106;23,431298
0,055149;23,367817;23,367817;23,406918
0,055637;23,343655;23,343655;23,382665
0,056125;23,319621;23,319621;23,358539
0,056613;23,295713;23,295713;23,334538
0,057101;23,271931;23,271931;23,310663
0,057589;23,248275;23,248275;23,286914
0,058077;23,224746;23,224746;23,263290
0,058565;23,201341;23,201341;23,239790
0,059053;23,178062;23,178062;23,216416
0,059541;23,154907;23,154907;23,193165
0,060029;23,131878;23,131878;23,170039
0,060517;23,108972;23,108972;23,147036
0,061005;23,086190;23,086190;23,124156
0,061493;23,063532;23,063532;23,101400
0,061981;23,040997;23,040997;23,078766
0,062469;23,018586;23,018586;23,056255
0,062958;22,996296;22,996296;23,033866
0,063446;22,974130;22,974130;23,011599
0,063934;22,952085;22,952085;22,989453
0,064422;22,930162;22,930162;22,967429
0,064910;22,908360;22,908360;22,945525
0,065398;22,886680;22,886680;22,923742
0,065886;22,865120;22,865120;22,902079
0,066374;22,843680;22,843680;22,880536
0,066862;22,822361;22,822361;22,859113
0,067350;22,801161;22,801161;22,837809
0,067838;22,780081;22,780081;22,816623
0,068326;22,759120;22,759120;22,795557
0,068814;22,738278;22,738278;22,774609
0,069302;22,717554;22,717554;22,753778
0,069790;22,696948;22,696948;22,733066
0,070278;22,676460;22,676460;22,712470
0,070766;22,656089;22,656089;22,691992
0,071254;22,635835;22,635835;22,671630
0,071742;22,615698;22,615698;22,651384
0,072230;22,595677;22,595677;22,631254
0,072718;22,575773;22,575773;22,611240
0,073206;22,555984;22,555984;22,591341
0,073694;22,536310;22,536310;22,571557
0,074183;22,516751;22,516751;22,551888
0,074671;22,497307;22,497307;22,532332
0,075159;22,477977;22,477977;22,512891
0,075647;22,458760;22,458760;22,493563
0,076135;22,439658;22,439658;22,474348
0,076623;22,420668;22,420668;22,455246
0,077111;22,401791;22,401791;22,436256
0,077599;22,383027;22,383027;22,417378
0,078087;22,364375;22,364375;22,398613
0,078575;22,345834;22,345834;22,379958
0,079063;22,327405;22,327405;22,361414
0,079551;22,309086;22,309086;22,342981
0,080039;22,290879;22,290879;22,324659
0,080527;22,272781;22,272781;22,306446
0,081015;22,254793;22,254793;22,288342
0,081503;22,236915;22,236915;22,270348
0,081991;22,219146;22,219146;22,252463
0,082479;22,201486;22,201486;22,234686
0,082967;22,183934;22,183934;22,217017
0,083455;22,166489;22,166489;22,199456
0,083943;22,149153;22,149153;22,182002
0,084431;22,131924;22,131924;22,164655
0,084919;22,114801;22,114801;22,147415
0,085408;22,097785;22,097785;22,130280
0,085896;22,080875;22,080875;22,113252
0,086384;22,064071;22,064071;22,096329
0,086872;22,047372;22,047372;22,079511
0,087360;22,030778;22,030778;22,062798
0,087848;22,014289;22,014289;22,046189
0,088336;21,997903;21,997903;22,029684
0,088824;21,981622;21,981622;22,013283
0,089312;21,965444;21,965444;21,996984
0,089800;21,949369;21,949369;21,980789
0,090288;21,933396;21,933396;21,964696
0,090776;21,917526;21,917526;21,948705
0,091264;21,901757;21,901757;21,932815
0,091752;21,886090;21,886090;21,917027
0,092240;21,870524;21,870524;21,901340
0,092728;21,855058;21,855058;21,885753
0,093216;21,839693;21,839693;21,870266
0,093704;21,824428;21,824428;21,854879
0,094192;21,809262;21,809262;21,839591
0,094680;21,794195;21,794195;21,824402
0,095168;21,779227;21,779227;21,809312
0,095656;21,764357;21,764357;21,794320
0,096144;21,749585;21,749585;21,779425
0,096633;21,734911;21,734911;21,764628
0,097121;21,720333;21,720333;21,749928
0,097609;21,705852;21,705852;21,735324
0,098097;21,691468;21,691468;21,720817
0,098585;21,677179;21,677179;21,706405
0,099073;21,662986;21,662986;21,692089
0,099561;21,648888;21,648888;21,677868
0,100049;21,634885;21,634885;21,663741
0,100537;21,620976;21,620976;21,649709
0,101025;21,607161;21,607161;21,635770
0,101513;21,593439;21,593439;21,621925
0,102001;21,579811;21,579811;21,608173
0,102489;21,566275;21,566275;21,594513
0,102977;21,552831;21,552831;21,580946
0,103465;21,539480;21,539480;21,567470
0,103953;21,526219;21,526219;21,554086
0,104441;21,513050;21,513050;21,540793
0,104929;21,499972;21,499972;21,527590
0,105417;21,486983;21,486983;21,514478
0,105905;21,474085;21,474085;21,501456
0,106393;21,461276;21,461276;21,488523
0,106881;21,448556;21,448556;21,475679
0,107369;21,435925;21,435925;21,462924
0,107857;21,423382;21,423382;21,450257
0,108346;21,410927;21,410927;21,437678
0,108834;21,398560;21,398560;21,425186
0,109322;21,386279;21,386279;21,412782
0,109810;21,374085;21,374085;21,400464
0,110298;21,361977;21,361977;21,388232
0,110786;21,349955;21,349955;21,376086
0,111274;21,338019;21,338019;21,364026
0,111762;21,326167;21,326167;21,352051
0,112250;21,314401;21,314401;21,340160
0,112738;21,302718;21,302718;21,328354
0,113226;21,291119;21,291119;21,316631
0,113714;21,279604;21,279604;21,304992
0,114202;21,268172;21,268172;21,293436
0,114690;21,256822;21,256822;21,281963
0,115178;21,245554;21,245554;21,270572
0,115666;21,234368;21,234368;21,259263
0,116154;21,223264;21,223264;21,248035
0,116642;21,212241;21,212241;21,236889
0,117130;21,201298;21,201298;21,225823
0,117618;21,190435;21,190435;21,214837
0,118106;21,179653;21,179653;21,203932
0,118594;21,168949;21,168949;21,193105
0,119082;21,158325;21,158325;21,182358
0,119571;21,147779;21,147779;21,171690
0,120059;21,137311;21,137311;21,161100
0,120547;21,126922;21,126922;21,150588
0,121035;21,116609;21,116609;21,140153
0,121523;21,106374;21,106374;21,129796
0,122011;21,096215;21,096215;21,119515
0,122499;21,086132;21,086132;21,109311
0,122987;21,076126;21,076126;21,099183
0,123475;21,066194;21,066194;21,089130
0,123963;21,056338;21,056338;21,079152
0,124451;21,046556;21,046556;21,069249
0,124939;21,036849;21,036849;21,059421
0,125427;21,027215;21,027215;21,049666
0,125915;21,017655;21,017655;21,039985
0,126403;21,008167;21,008167;21,030378
0,126891;20,998753;20,998753;21,020843
0,127379;20,989410;20,989410;21,011380
0,127867;20,980140;20,980140;21,001990
0,128355;20,970941;20,970941;20,992671
0,128843;20,961813;20,961813;20,983424
0,129331;20,952756;20,952756;20,974247
0,129819;20,943769;20,943769;20,965141
0,130307;20,934852;20,934852;20,956105
0,130796;20,926004;20,926004;20,947139
0,131284;20,917226;20,917226;20,938242
0,131772;20,908516;20,908516;20,929415
0,132260;20,899875;20,899875;20,920655
0,132748;20,891301;20,891301;20,911964
0,133236;20,882796;20,882796;20,903341
0,133724;20,874357;20,874357;20,894785
0,134212;20,865985;20,865985;20,886296
0,134700;20,857680;20,857680;20,877874
0,135188;20,849441;20,849441;20,869519
0,135676;20,841267;20,841267;20,861229
0,136164;20,833159;20,833159;20,853004
0,136652;20,825116;20,825116;20,844845
0,137140;20,817137;20,817137;20,836751
0,137628;20,809222;20,809222;20,828721
0,138116;20,801371;20,801371;20,820755
0,138604;20,793584;20,793584;20,812853
0,139092;20,785860;20,785860;20,805014
0,139580;20,778198;20,778198;20,797238
0,140068;20,770598;20,770598;20,789525
0,140556;20,763061;20,763061;20,781874
0,141044;20,755585;20,755585;20,774285
0,141532;20,748170;20,748170;20,766757
0,142020;20,740816;20,740816;20,759290
0,142509;20,733522;20,733522;20,751884
0,142997;20,726289;20,726289;20,744538
0,143485;20,719115;20,719115;20,737253
0,143973;20,712000;20,712000;20,730027
0,144461;20,704945;20,704945;20,722860
0,144949;20,697948;20,697948;20,715752
0,145437;20,691009;20,691009;20,708703
0,145925;20,684128;20,684128;20,701712
0,146413;20,677305;20,677305;20,694778
0,146901;20,670539;20,670539;20,687903
0,147389;20,663830;20,663830;20,681084
0,147877;20,657177;20,657177;20,674322
0,148365;20,650580;20,650580;20,667616
0,148853;20,644039;20,644039;20,660967
0,149341;20,637553;20,637553;20,654373
0,149829;20,631122;20,631122;20,647835
0,150317;20,624746;20,624746;20,641352
0,150805;20,618425;20,618425;20,634923
0,151293;20,612157;20,612157;20,628549
0,151781;20,605943;20,605943;20,622228
0,152269;20,599782;20,599782;20,615961
0,152757;20,593674;20,593674;20,609748
0,153245;20,587619;20,587619;20,603587
0,153734;20,581615;20,581615;20,597479
0,154222;20,575664;20,575664;20,591423
0,154710;20,569765;20,569765;20,585419
0,155198;20,563916;20,563916;20,579467
0,155686;20,558118;20,558118;20,573566
0,156174;20,552371;20,552371;20,567716
0,156662;20,546674;20,546674;20,561916
0,157150;20,541027;20,541027;20,556167
0,157638;20,535430;20,535430;20,550467
0,158126;20,529881;20,529881;20,544817
0,158614;20,524382;20,524382;20,539217
0,159102;20,518931;20,518931;20,533665
0,159590;20,513528;20,513528;20,528162
0,160078;20,508173;20,508173;20,522706
0,160566;20,502866;20,502866;20,517299
0,161054;20,497606;20,497606;20,511940
0,161542;20,492392;20,492392;20,506628
0,162030;20,487226;20,487226;20,501362
0,162518;20,482105;20,482105;20,496143
0,163006;20,477030;20,477030;20,490971
0,163494;20,472001;20,472001;20,485845
0,163982;20,467018;20,467018;20,480764
0,164470;20,462079;20,462079;20,475728
0,164959;20,457185;20,457185;20,470738
0,165447;20,452335;20,452335;20,465792
0,165935;20,447529;20,447529;20,460891
0,166423;20,442767;20,442767;20,456034
0,166911;20,438048;20,438048;20,451220
0,167399;20,433372;20,433372;20,446450
0,167887;20,428739;20,428739;20,441724
0,168375;20,424149;20,424149;20,437040
0,168863;20,419601;20,419601;20,432398
0,169351;20,415094;20,415094;20,427799
0,169839;20,410629;20,410629;20,423242
0,170327;20,406206;20,406206;20,418727
0,170815;20,401823;20,401823;20,414253
0,171303;20,397481;20,397481;20,409819
0,171791;20,393179;20,393179;20,405427
0,172279;20,388917;20,388917;20,401075
0,172767;20,384695;20,384695;20,396763
0,173255;20,380513;20,380513;20,392491
0,173743;20,376370;20,376370;20,388259
0,174231;20,372265;20,372265;20,384066
0,174719;20,368199;20,368199;20,379912
0,175207;20,364172;20,364172;20,375797
0,175695;20,360182;20,360182;20,371720
0,176184;20,356230;20,356230;20,367681
0,176672;20,352316;20,352316;20,363680
0,177160;20,348438;20,348438;20,359717
0,177648;20,344598;20,344598;20,355791
0,178136;20,340794;20,340794;20,351902
0,178624;20,337027;20,337027;20,348049
0,179112;20,333295;20,333295;20,344233
0,179600;20,329599;20,329599;20,340454
0,180088;20,325939;20,325939;20,336710
0,180576;20,322314;20,322314;20,333002
0,181064;20,318724;20,318724;20,329329
0,181552;20,315169;20,315169;20,325691
0,182040;20,311648;20,311648;20,322088
0,182528;20,308161;20,308161;20,318520
0,183016;20,304707;20,304707;20,314985
0,183504;20,301288;20,301288;20,311485
0,183992;20,297902;20,297902;20,308019
0,184480;20,294549;20,294549;20,304586
0,184968;20,291228;20,291228;20,301186
0,185456;20,287941;20,287941;20,297820
0,185944;20,284685;20,284685;20,294485
0,186432;20,281462;20,281462;20,291184
0,186920;20,278270;20,278270;20,287914
0,187408;20,275110;20,275110;20,284677
0,187897;20,271981;20,271981;20,281471
0,188385;20,268883;20,268883;20,278297
0,188873;20,265816;20,265816;20,275154
0,189361;20,262779;20,262779;20,272041
0,189849;20,259773;20,259773;20,268960
0,190337;20,256796;20,256796;20,265909
0,190825;20,253850;20,253850;20,262888
0,191313;20,250933;20,250933;20,259897
0,191801;20,248045;20,248045;20,256935
0,192289;20,245186;20,245186;20,254004
0,192777;20,242356;20,242356;20,251101
0,193265;20,239555;20,239555;20,248227
0,193753;20,236782;20,236782;20,245382
0,194241;20,234037;20,234037;20,242566
0,194729;20,231320;20,231320;20,239778
0,195217;20,228630;20,228630;20,237018
0,195705;20,225968;20,225968;20,234286
0,196193;20,223333;20,223333;20,231581
0,196681;20,220725;20,220725;20,228904
0,197169;20,218144;20,218144;20,226253
0,197657;20,215589;20,215589;20,223630
0,198145;20,213061;20,213061;20,221033
0,198633;20,210558;20,210558;20,218463
0,199122;20,208082;20,208082;20,215919
0,199610;20,205631;20,205631;20,213401
0,200098;20,203205;20,203205;20,210909
0,200586;20,200805;20,200805;20,208442
0,201074;20,198429;20,198429;20,206001
0,201562;20,196078;20,196078;20,203585
0,202050;20,193752;20,193752;20,201194
0,202538;20,191450;20,191450;20,198827
0,203026;20,189172;20,189172;20,196485
0,203514;20,186918;20,186918;20,194167
0,204002;20,184687;20,184687;20,191874
0,204490;20,182480;20,182480;20,189604
0,204978;20,180296;20,180296;20,187358
0,205466;20,178136;20,178136;20,185135
0,205954;20,175998;20,175998;20,182936
0,206442;20,173883;20,173883;20,180759
0,206930;20,171790;20,171790;20,178606
0,207418;20,169720;20,169720;20,176475
0,207906;20,167671;20,167671;20,174366
0,208394;20,165645;20,165645;20,172280
0,208882;20,163640;20,163640;20,170216
0,209370;20,161656;20,161656;20,168173
0,209858;20,159694;20,159694;20,166153
0,210347;20,157753;20,157753;20,164153
0,210835;20,155833;20,155833;20,162175
0,211323;20,153933;20,153933;20,160218
0,211811;20,152054;20,152054;20,158283
0,212299;20,150195;20,150195;20,156367
0,212787;20,148357;20,148357;20,154473
0,213275;20,146538;20,146538;20,152598
0,213763;20,144739;20,144739;20,150744
0,214251;20,142960;20,142960;20,148910
0,214739;20,141200;20,141200;20,147095
0,215227;20,139460;20,139460;20,145300
0,215715;20,137738;20,137738;20,143525
0,216203;20,136035;20,136035;20,141769
0,216691;20,134351;20,134351;20,140031
0,217179;20,132686;20,132686;20,138313
0,217667;20,131039;20,131039;20,136614
0,218155;20,129410;20,129410;20,134933
0,218643;20,127799;20,127799;20,133270
0,219131;20,126206;20,126206;20,131626
0,219619;20,124631;20,124631;20,130000
0,220107;20,123073;20,123073;20,128391
0,220595;20,121532;20,121532;20,126800
0,221083;20,120009;20,120009;20,125227
0,221571;20,118502;20,118502;20,123671
0,222060;20,117013;20,117013;20,122133
0,222548;20,115540;20,115540;20,120611
0,223036;20,114084;20,114084;20,119107
0,223524;20,112644;20,112644;20,117619
0,224012;20,111220;20,111220;20,116147
0,224500;20,109813;20,109813;20,114693
0,224988;20,108421;20,108421;20,113254
0,225476;20,107045;20,107045;20,111831
0,225964;20,105685;20,105685;20,110425
0,226452;20,104340;20,104340;20,109034
0,226940;20,103010;20,103010;20,107659
0,227428;20,101696;20,101696;20,106299
0,227916;20,100396;20,100396;20,104955
0,228404;20,099112;20,099112;20,103626
0,228892;20,097842;20,097842;20,102312
0,229380;20,096587;20,096587;20,101012
0,229868;20,095346;20,095346;20,099728
0,230356;20,094119;20,094119;20,098458
0,230844;20,092907;20,092907;20,097203
0,231332;20,091708;20,091708;20,095962
0,231820;20,090524;20,090524;20,094735
0,232308;20,089353;20,089353;20,093522
0,232796;20,088195;20,088195;20,092324
0,233285;20,087052;20,087052;20,091139
0,233773;20,085921;20,085921;20,089967
0,234261;20,084804;20,084804;20,088809
0,234749;20,083699;20,083699;20,087665
0,235237;20,082608;20,082608;20,086533
0,235725;20,081529;20,081529;20,085415
0,236213;20,080463;20,080463;20,084310
0,236701;20,079410;20,079410;20,083218
0,237189;20,078369;20,078369;20,082138
0,237677;20,077340;20,077340;20,081071
0,238165;20,076324;20,076324;20,080016
0,238653;20,075319;20,075319;20,078974
0,239141;20,074326;20,074326;20,077944
0,239629;20,073345;20,073345;20,076926
0,240117;20,072376;20,072376;20,075920
0,240605;20,071418;20,071418;20,074926
0,241093;20,070472;20,070472;20,073943
0,241581;20,069537;20,069537;20,072972
0,242069;20,068613;20,068613;20,072013
0,242557;20,067701;20,067701;20,071065
0,243045;20,066799;20,066799;20,070128
0,243533;20,065908;20,065908;20,069203
0,244021;20,065028;20,065028;20,068288
0,244510;20,064158;20,064158;20,067384
0,244998;20,063299;20,063299;20,066491
0,245486;20,062450;20,062450;20,065609
0,245974;20,061612;20,061612;20,064737
0,246462;20,060783;20,060783;20,063876
0,246950;20,059965;20,059965;20,063025
0,247438;20,059157;20,059157;20,062185
0,247926;20,058358;20,058358;20,061354
0,248414;20,057570;20,057570;20,060534
0,248902;20,056791;20,056791;20,059723
0,249390;20,056021;20,056021;20,058922
0,249878;20,055261;20,055261;20,058131
0,250366;20,054510;20,054510;20,057350
0,250854;20,053769;20,053769;20,056578
0,251342;20,053037;20,053037;20,055815
0,251830;20,052313;20,052313;20,055062
0,252318;20,051599;20,051599;20,054318
0,252806;20,050893;20,050893;20,053583
0,253294;20,050197;20,050197;20,052857
0,253782;20,049508;20,049508;20,052140
0,254270;20,048829;20,048829;20,051432
0,254758;20,048158;20,048158;20,050732
0,255246;20,047495;20,047495;20,050041
0,255735;20,046841;20,046841;20,049359
0,256223;20,046194;20,046194;20,048685
0,256711;20,045556;20,045556;20,048020
0,257199;20,044926;20,044926;20,047362
0,257687;20,044304;20,044304;20,046713
0,258175;20,043689;20,043689;20,046072
0,258663;20,043082;20,043082;20,045439
0,259151;20,042483;20,042483;20,044814
0,259639;20,041892;20,041892;20,044197
0,260127;20,041308;20,041308;20,043587
0,260615;20,040731;20,040731;20,042985
0,261103;20,040162;20,040162;20,042391
0,261591;20,039600;20,039600;20,041804
0,262079;20,039045;20,039045;20,041224
0,262567;20,038498;20,038498;20,040652
0,263055;20,037957;20,037957;20,040087
0,263543;20,037423;20,037423;20,039529
0,264031;20,036896;20,036896;20,038978
0,264519;20,036376;20,036376;20,038435
0,265007;20,035862;20,035862;20,037898
0,265495;20,035355;20,035355;20,037368
0,265983;20,034855;20,034855;20,036844
0,266471;20,034361;20,034361;20,036328
0,266959;20,033873;20,033873;20,035818
0,267448;20,033392;20,033392;20,035314
0,267936;20,032917;20,032917;20,034817
0,268424;20,032448;20,032448;20,034326
0,268912;20,031985;20,031985;20,033842
0,269400;20,031529;20,031529;20,033364
0,269888;20,031078;20,031078;20,032892
0,270376;20,030633;20,030633;20,032426
0,270864;20,030194;20,030194;20,031966
0,271352;20,029761;20,029761;20,031512
0,271840;20,029333;20,029333;20,031064
0,272328;20,028911;20,028911;20,030622
0,272816;20,028495;20,028495;20,030186
0,273304;20,028084;20,028084;20,029755
0,273792;20,027678;20,027678;20,029330
0,274280;20,027278;20,027278;20,028911
0,274768;20,026883;20,026883;20,028496
0,275256;20,026493;20,026493;20,028088
0,275744;20,026109;20,026109;20,027685
0,276232;20,025730;20,025730;20,027287
0,276720;20,025355;20,025355;20,026894
0,277208;20,024986;20,024986;20,026506
0,277696;20,024622;20,024622;20,026124
0,278184;20,024262;20,024262;20,025746
0,278673;20,023907;20,023907;20,025374
0,279161;20,023557;20,023557;20,025007
0,279649;20,023212;20,023212;20,024644
0,280137;20,022872;20,022872;20,024286
0,280625;20,022536;20,022536;20,023933
0,281113;20,022204;20,022204;20,023585
0,281601;20,021877;20,021877;20,023241
0,282089;20,021554;20,021554;20,022902
0,282577;20,021236;20,021236;20,022568
0,283065;20,020922;20,020922;20,022238
0,283553;20,020613;20,020613;20,021912
0,284041;20,020307;20,020307;20,021591
0,284529;20,020006;20,020006;20,021274
0,285017;20,019709;20,019709;20,020961
0,285505;20,019416;20,019416;20,020653
0,285993;20,019126;20,019126;20,020349
0,286481;20,018841;20,018841;20,020048
0,286969;20,018560;20,018560;20,019752
0,287457;20,018283;20,018283;20,019460
0,287945;20,018009;20,018009;20,019172
0,288433;20,017739;20,017739;20,018888
0,288921;20,017473;20,017473;20,018608
0,289409;20,017211;20,017211;20,018331
0,289898;20,016952;20,016952;20,018059
0,290386;20,016697;20,016697;20,017790
0,290874;20,016445;20,016445;20,017525
0,291362;20,016197;20,016197;20,017263
0,291850;20,015952;20,015952;20,017005
0,292338;20,015711;20,015711;20,016751
0,292826;20,015473;20,015473;20,016500
0,293314;20,015239;20,015239;20,016252
0,293802;20,015007;20,015007;20,016008
0,294290;20,014779;20,014779;20,015767
0,294778;20,014554;20,014554;20,015530
0,295266;20,014333;20,014333;20,015296
0,295754;20,014114;20,014114;20,015065
0,296242;20,013898;20,013898;20,014838
0,296730;20,013686;20,013686;20,014613
0,297218;20,013476;20,013476;20,014392
0,297706;20,013270;20,013270;20,014174
0,298194;20,013066;20,013066;20,013959
0,298682;20,012866;20,012866;20,013747
0,299170;20,012668;20,012668;20,013537
0,299658;20,012473;20,012473;20,013331
0,300146;20,012280;20,012280;20,013128
0,300634;20,012091;20,012091;20,012927
0,301122;20,011904;20,011904;20,012730
0,301611;20,011720;20,011720;20,012535
0,302099;20,011538;20,011538;20,012343
0,302587;20,011359;20,011359;20,012154
0,303075;20,011183;20,011183;20,011967
0,303563;20,011009;20,011009;20,011783
0,304051;20,010838;20,010838;20,011602
0,304539;20,010669;20,010669;20,011423
0,305027;20,010503;20,010503;20,011247
0,305515;20,010339;20,010339;20,011073
0,306003;20,010177;20,010177;20,010902
0,306491;20,010018;20,010018;20,010733
0,306979;20,009861;20,009861;20,010566
0,307467;20,009706;20,009706;20,010402
0,307955;20,009553;20,009553;20,010241
0,308443;20,009403;20,009403;20,010081
0,308931;20,009255;20,009255;20,009924
0,309419;20,009109;20,009109;20,009770
0,309907;20,008965;20,008965;20,009617
0,310395;20,008824;20,008824;20,009467
0,310883;20,008684;20,008684;20,009319
0,311371;20,008547;20,008547;20,009173
0,311859;20,008411;20,008411;20,009029
0,312347;20,008278;20,008278;20,008887
0,312836;20,008146;20,008146;20,008747
0,313324;20,008017;20,008017;20,008610
0,313812;20,007889;20,007889;20,008474
0,314300;20,007763;20,007763;20,008341
0,314788;20,007639;20,007639;20,008209
0,315276;20,007517;20,007517;20,008079
0,315764;20,007397;20,007397;20,007951
0,316252;20,007278;20,007278;20,007825
0,316740;20,007162;20,007162;20,007701
0,317228;20,007047;20,007047;20,007579
0,317716;20,006933;20,006933;20,007458
0,318204;20,006822;20,006822;20,007340
0,318692;20,006712;20,006712;20,007223
0,319180;20,006604;20,006604;20,007107
0,319668;20,006497;20,006497;20,006994
0,320156;20,006392;20,006392;20,006882
0,320644;20,006288;20,006288;20,006772
0,321132;20,006187;20,006187;20,006663
0,321620;20,006086;20,006086;20,006556
0,322108;20,005987;20,005987;20,006451
0,322596;20,005890;20,005890;20,006347
0,323084;20,005794;20,005794;20,006245
0,323572;20,005700;20,005700;20,006144
0,324061;20,005607;20,005607;20,006045
0,324549;20,005515;20,005515;20,005948
0,325037;20,005425;20,005425;20,005852
0,325525;20,005336;20,005336;20,005757
0,326013;20,005249;20,005249;20,005663
0,326501;20,005163;20,005163;20,005572
0,326989;20,005078;20,005078;20,005481
0,327477;20,004994;20,004994;20,005392
0,327965;20,004912;20,004912;20,005304
0,328453;20,004831;20,004831;20,005218
0,328941;20,004752;20,004752;20,005133
0,329429;20,004673;20,004673;20,005049
0,329917;20,004596;20,004596;20,004966
0,330405;20,004520;20,004520;20,004885
0,330893;20,004445;20,004445;20,004805
0,331381;20,004371;20,004371;20,004726
0,331869;20,004298;20,004298;20,004648
0,332357;20,004227;20,004227;20,004572
0,332845;20,004157;20,004157;20,004497
0,333333;20,004087;20,004087;20,004423
0,333821;20,004019;20,004019;20,004350
0,334309;20,003952;20,003952;20,004278
0,334797;20,003886;20,003886;20,004207
0,335286;20,003821;20,003821;20,004137
0,335774;20,003757;20,003757;20,004069
0,336262;20,003694;20,003694;20,004001
0,336750;20,003632;20,003632;20,003935
0,337238;20,003571;20,003571;20,003869
0,337726;20,003511;20,003511;20,003805
0,338214;20,003452;20,003452;20,003742
0,338702;20,003393;20,003393;20,003679
0,339190;20,003336;20,003336;20,003618
0,339678;20,003280;20,003280;20,003557
0,340166;20,003224;20,003224;20,003498
0,340654;20,003170;20,003170;20,003439
0,341142;20,003116;20,003116;20,003381
0,341630;20,003063;20,003063;20,003325
0,342118;20,003011;20,003011;20,003269
0,342606;20,002960;20,002960;20,003214
0,343094;20,002909;20,002909;20,003160
0,343582;20,002860;20,002860;20,003106
0,344070;20,002811;20,002811;20,003054
0,344558;20,002763;20,002763;20,003002
0,345046;20,002715;20,002715;20,002951
0,345534;20,002669;20,002669;20,002901
0,346022;20,002623;20,002623;20,002852
0,346510;20,002578;20,002578;20,002804
0,346999;20,002534;20,002534;20,002756
0,347487;20,002490;20,002490;20,002709
0,347975;20,002447;20,002447;20,002663
0,348463;20,002405;20,002405;20,002618
0,348951;20,002364;20,002364;20,002573
0,349439;20,002323;20,002323;20,002529
0,349927;20,002283;20,002283;20,002486
0,350415;20,002243;20,002243;20,002443
0,350903;20,002204;20,002204;20,002401
0,351391;20,002166;20,002166;20,002360
0,351879;20,002128;20,002128;20,002320
0,352367;20,002091;20,002091;20,002280
0,352855;20,002055;20,002055;20,002241
0,353343;20,002019;20,002019;20,002202
0,353831;20,001984;20,001984;20,002164
0,354319;20,001949;20,001949;20,002127
0,354807;20,001915;20,001915;20,002090
0,355295;20,001882;20,001882;20,002054
0,355783;20,001849;20,001849;20,002018
0,356271;20,001816;20,001816;20,001983
0,356759;20,001784;20,001784;20,001949
0,357247;20,001753;20,001753;20,001915
0,357735;20,001722;20,001722;20,001881
0,358224;20,001692;20,001692;20,001849
0,358712;20,001662;20,001662;20,001816
0,359200;20,001633;20,001633;20,001785
0,359688;20,001604;20,001604;20,001754
0,360176;20,001576;20,001576;20,001723
0,360664;20,001548;20,001548;20,001693
0,361152;20,001520;20,001520;20,001663
0,361640;20,001493;20,001493;20,001634
0,362128;20,001467;20,001467;20,001605
0,362616;20,001441;20,001441;20,001577
0,363104;20,001415;20,001415;20,001549
0,363592;20,001390;20,001390;20,001522
0,364080;20,001365;20,001365;20,001495
0,364568;20,001341;20,001341;20,001469
0,365056;20,001317;20,001317;20,001443
0,365544;20,001293;20,001293;20,001417
0,366032;20,001270;20,001270;20,001392
0,366520;20,001247;20,001247;20,001367
0,367008;20,001225;20,001225;20,001343
0,367496;20,001203;20,001203;20,001319
0,367984;20,001181;20,001181;20,001296
0,368472;20,001160;20,001160;20,001273
0,368960;20,001139;20,001139;20,001250
0,369449;20,001118;20,001118;20,001228
0,369937;20,001098;20,001098;20,001206
0,370425;20,001078;20,001078;20,001184
0,370913;20,001059;20,001059;20,001163
0,371401;20,001040;20,001040;20,001142
0,371889;20,001021;20,001021;20,001122
0,372377;20,001002;20,001002;20,001102
0,372865;20,000984;20,000984;20,001082
0,373353;20,000966;20,000966;20,001062
0,373841;20,000949;20,000949;20,001043
0,374329;20,000931;20,000931;20,001024
0,374817;20,000914;20,000914;20,001006
0,375305;20,000898;20,000898;20,000988
0,375793;20,000881;20,000881;20,000970
0,376281;20,000865;20,000865;20,000952
0,376769;20,000849;20,000849;20,000935
0,377257;20,000834;20,000834;20,000918
0,377745;20,000818;20,000818;20,000902
0,378233;20,000803;20,000803;20,000885
0,378721;20,000789;20,000789;20,000869
0,379209;20,000774;20,000774;20,000853
0,379697;20,000760;20,000760;20,000838
0,380185;20,000746;20,000746;20,000822
0,380673;20,000732;20,000732;20,000807
0,381162;20,000718;20,000718;20,000793
0,381650;20,000705;20,000705;20,000778
0,382138;20,000692;20,000692;20,000764
0,382626;20,000679;20,000679;20,000750
0,383114;20,000667;20,000667;20,000736
0,383602;20,000654;20,000654;20,000723
0,384090;20,000642;20,000642;20,000709
0,384578;20,000630;20,000630;20,000696
0,385066;20,000618;20,000618;20,000683
0,385554;20,000607;20,000607;20,000671
0,386042;20,000596;20,000596;20,000658
0,386530;20,000584;20,000584;20,000646
0,387018;20,000573;20,000573;20,000634
0,387506;20,000563;20,000563;20,000622
0,387994;20,000552;20,000552;20,000611
0,388482;20,000542;20,000542;20,000600
0,388970;20,000532;20,000532;20,000588
0,389458;20,000522;20,000522;20,000578
0,389946;20,000512;20,000512;20,000567
0,390434;20,000502;20,000502;20,000556
0,390922;20,000493;20,000493;20,000546
0,391410;20,000483;20,000483;20,000536
0,391898;20,000474;20,000474;20,000526
0,392387;20,000465;20,000465;20,000516
0,392875;20,000456;20,000456;20,000506
0,393363;20,000448;20,000448;20,000497
0,393851;20,000439;20,000439;20,000487
0,394339;20,000431;20,000431;20,000478
0,394827;20,000423;20,000423;20,000469
0,395315;20,000415;20,000415;20,000460
0,395803;20,000407;20,000407;20,000452
0,396291;20,000399;20,000399;20,000443
0,396779;20,000391;20,000391;20,000435
0,397267;20,000384;20,000384;20,000427
0,397755;20,000377;20,000377;20,000418
0,398243;20,000369;20,000369;20,000411
0,398731;20,000362;20,000362;20,000403
0,399219;20,000355;20,000355;20,000395
0,399707;20,000349;20,000349;20,000388
0,400195;20,000342;20,000342;20,000380
0,400683;20,000335;20,000335;20,000373
0,401171;20,000329;20,000329;20,000366
0,401659;20,000322;20,000322;20,000359
0,402147;20,000316;20,000316;20,000352
0,402635;20,000310;20,000310;20,000345
0,403123;20,000304;20,000304;20,000339
0,403612;20,000298;20,000298;20,000332
0,404100;20,000292;20,000292;20,000326
0,404588;20,000287;20,000287;20,000320
0,405076;20,000281;20,000281;20,000314
0,405564;20,000276;20,000276;20,000308
0,406052;20,000270;20,000270;20,000302
0,406540;20,000265;20,000265;20,000296
0,407028;20,000260;20,000260;20,000290
0,407516;20,000255;20,000255;20,000285
0,408004;20,000250;20,000250;20,000279
0,408492;20,000245;20,000245;20,000274
0,408980;20,000240;20,000240;20,000268
0,409468;20,000236;20,000236;20,000263
0,409956;20,000231;20,000231;20,000258
0,410444;20,000226;20,000226;20,000253
0,410932;20,000222;20,000222;20,000248
0,411420;20,000218;20,000218;20,000243
0,411908;20,000213;20,000213;20,000239
0,412396;20,000209;20,000209;20,000234
0,412884;20,000205;20,000205;20,000229
0,413372;20,000201;20,000201;20,000225
0,413860;20,000197;20,000197;20,000221
0,414348;20,000193;20,000193;20,000216
0,414837;20,000189;20,000189;20,000212
0,415325;20,000186;20,000186;20,000208
0,415813;20,000182;20,000182;20,000204
0,416301;20,000178;20,000178;20,000200
0,416789;20,000175;20,000175;20,000196
0,417277;20,000171;20,000171;20,000192
0,417765;20,000168;20,000168;20,000188
0,418253;20,000164;20,000164;20,000185
0,418741;20,000161;20,000161;20,000181
0,419229;20,000158;20,000158;20,000177
0,419717;20,000155;20,000155;20,000174
0,420205;20,000152;20,000152;20,000170
0,420693;20,000149;20,000149;20,000167
0,421181;20,000146;20,000146;20,000164
0,421669;20,000143;20,000143;20,000160
0,422157;20,000140;20,000140;20,000157
0,422645;20,000137;20,000137;20,000154
0,423133;20,000134;20,000134;20,000151
0,423621;20,000132;20,000132;20,000148
0,424109;20,000129;20,000129;20,000145
0,424597;20,000126;20,000126;20,000142
0,425085;20,000124;20,000124;20,000139
0,425573;20,000121;20,000121;20,000137
0,426061;20,000119;20,000119;20,000134
0,426550;20,000117;20,000117;20,000131
0,427038;20,000114;20,000114;20,000129
0,427526;20,000112;20,000112;20,000126
0,428014;20,000110;20,000110;20,000124
0,428502;20,000107;20,000107;20,000121
0,428990;20,000105;20,000105;20,000119
0,429478;20,000103;20,000103;20,000116
0,429966;20,000101;20,000101;20,000114
0,430454;20,000099;20,000099;20,000112
0,430942;20,000097;20,000097;20,000109
0,431430;20,000095;20,000095;20,000107
0,431918;20,000093;20,000093;20,000105
0,432406;20,000091;20,000091;20,000103
0,432894;20,000089;20,000089;20,000101
0,433382;20,000087;20,000087;20,000099
0,433870;20,000086;20,000086;20,000097
0,434358;20,000084;20,000084;20,000095
0,434846;20,000082;20,000082;20,000093
0,435334;20,000080;20,000080;20,000091
0,435822;20,000079;20,000079;20,000089
0,436310;20,000077;20,000077;20,000087
0,436798;20,000076;20,000076;20,000086
0,437286;20,000074;20,000074;20,000084
0,437775;20,000073;20,000073;20,000082
0,438263;20,000071;20,000071;20,000080
0,438751;20,000070;20,000070;20,000079
0,439239;20,000068;20,000068;20,000077
0,439727;20,000067;20,000067;20,000076
0,440215;20,000065;20,000065;20,000074
0,440703;20,000064;20,000064;20,000073
0,441191;20,000063;20,000063;20,000071
0,441679;20,000061;20,000061;20,000070
0,442167;20,000060;20,000060;20,000068
0,442655;20,000059;20,000059;20,000067
0,443143;20,000058;20,000058;20,000065
0,443631;20,000056;20,000056;20,000064
0,444119;20,000055;20,000055;20,000063
0,444607;20,000054;20,000054;20,000062
0,445095;20,000053;20,000053;20,000060
0,445583;20,000052;20,000052;20,000059
0,446071;20,000051;20,000051;20,000058
0,446559;20,000050;20,000050;20,000057
0,447047;20,000049;20,000049;20,000055
0,447535;20,000048;20,000048;20,000054
0,448023;20,000047;20,000047;20,000053
0,448511;20,000046;20,000046;20,000052
0,449000;20,000045;20,000045;20,000051
0,449488;20,000044;20,000044;20,000050
0,449976;20,000043;20,000043;20,000049
0,450464;20,000042;20,000042;20,000048
0,450952;20,000041;20,000041;20,000047
0,451440;20,000040;20,000040;20,000046
0,451928;20,000040;20,000040;20,000045
0,452416;20,000039;20,000039;20,000044
0,452904;20,000038;20,000038;20,000043
0,453392;20,000037;20,000037;20,000042
0,453880;20,000036;20,000036;20,000041
0,454368;20,000036;20,000036;20,000041
0,454856;20,000035;20,000035;20,000040
0,455344;20,000034;20,000034;20,000039
0,455832;20,000033;20,000033;20,000038
0,456320;20,000033;20,000033;20,000037
0,456808;20,000032;20,000032;20,000037
0,457296;20,000031;20,000031;20,000036
0,457784;20,000031;20,000031;20,000035
0,458272;20,000030;20,000030;20,000034
0,458760;20,000029;20,000029;20,000034
0,459248;20,000029;20,000029;20,000033
0,459736;20,000028;20,000028;20,000032
0,460224;20,000028;20,000028;20,000032
0,460713;20,000027;20,000027;20,000031
0,461201;20,000027;20,000027;20,000030
0,461689;20,000026;20,000026;20,000030
0,462177;20,000025;20,000025;20,000029
0,462665;20,000025;20,000025;20,000029
0,463153;20,000024;20,000024;20,000028
0,463641;20,000024;20,000024;20,000027
0,464129;20,000023;20,000023;20,000027
0,464617;20,000023;20,000023;20,000026
0,465105;20,000023;20,000023;20,000026
0,465593;20,000022;20,000022;20,000025
0,466081;20,000022;20,000022;20,000025
0,466569;20,000021;20,000021;20,000024
0,467057;20,000021;20,000021;20,000024
0,467545;20,000020;20,000020;20,000023
0,468033;20,000020;20,000020;20,000023
0,468521;20,000020;20,000020;20,000023
0,469009;20,000019;20,000019;20,000022
0,469497;20,000019;20,000019;20,000022
0,469985;20,000018;20,000018;20,000021
0,470473;20,000018;20,000018;20,000021
0,470961;20,000018;20,000018;20,000020
0,471449;20,000017;20,000017;20,000020
0,471938;20,000017;20,000017;20,000020
0,472426;20,000017;20,000017;20,000019
0,472914;20,000016;20,000016;20,000019
0,473402;20,000016;20,000016;20,000019
0,473890;20,000016;20,000016;20,000018
0,474378;20,000015;20,000015;20,000018
0,474866;20,000015;20,000015;20,000018
0,475354;20,000015;20,000015;20,000017
0,475842;20,000015;20,000015;20,000017
0,476330;20,000014;20,000014;20,000017
0,476818;20,000014;20,000014;20,000016
0,477306;20,000014;20,000014;20,000016
0,477794;20,000014;20,000014;20,000016
0,478282;20,000013;20,000013;20,000016
0,478770;20,000013;20,000013;20,000015
0,479258;20,000013;20,000013;20,000015
0,479746;20,000013;20,000013;20,000015
0,480234;20,000013;20,000013;20,000015
0,480722;20,000012;20,000012;20,000014
0,481210;20,000012;20,000012;20,000014
0,481698;20,000012;20,000012;20,000014
0,482186;20,000012;20,000012;20,000014
0,482674;20,000012;20,000012;20,000013
0,483163;20,000011;20,000011;20,000013
0,483651;20,000011;20,000011;20,000013
0,484139;20,000011;20,000011;20,000013
0,484627;20,000011;20,000011;20,000013
0,485115;20,000011;20,000011;20,000013
0,485603;20,000011;20,000011;20,000012
0,486091;20,000010;20,000010;20,000012
0,486579;20,000010;20,000010;20,000012
0,487067;20,000010;20,000010;20,000012
0,487555;20,000010;20,000010;20,000012
0,488043;20,000010;20,000010;20,000012
0,488531;20,000010;20,000010;20,000011
0,489019;20,000010;20,000010;20,000011
0,489507;20,000010;20,000010;20,000011
0,489995;20,000010;20,000010;20,000011
0,490483;20,000009;20,000009;20,000011
0,490971;20,000009;20,000009;20,000011
0,491459;20,000009;20,000009;20,000011
0,491947;20,000009;20,000009;20,000011
0,492435;20,000009;20,000009;20,000011
0,492923;20,000009;20,000009;20,000011
0,493411;20,000009;20,000009;20,000011
0,493899;20,000009;20,000009;20,000010
0,494388;20,000009;20,000009;20,000010
0,494876;20,000009;20,000009;20,000010
0,495364;20,000009;20,000009;20,000010
0,495852;20,000009;20,000009;20,000010
0,496340;20,000009;20,000009;20,000010
0,496828;20,000009;20,000009;20,000010
0,497316;20,000009;20,000009;20,000010
0,497804;20,000009;20,000009;20,000010
0,498292;20,000009;20,000009;20,000010
0,498780;20,000009;20,000009;20,000010
0,499268;20,000009;20,000009;20,000010
0,499756;20,000009;20,000009;20,000010
0,500244;20,000009;20,000009;20,000010
0,500732;20,000009;20,000009;20,000010
0,501220;20,000009;20,000009;20,000010
0,501708;20,000009;20,000009;20,000010
0,502196;20,000009;20,000009;20,000010
0,502684;20,000009;20,000009;20,000010
0,503172;20,000009;20,000009;20,000010
0,503660;20,000009;20,000009;20,000010
0,504148;20,000009;20,000009;20,000010
0,504636;20,000009;20,000009;20,000010
0,505124;20,000009;20,000009;20,000010
0,505612;20,000009;20,000009;20,000010
0,506101;20,000009;20,000009;20,000010
0,506589;20,000009;20,000009;20,000011
0,507077;20,000009;20,000009;20,000011
0,507565;20,000009;20,000009;20,000011
0,508053;20,000009;20,000009;20,000011
0,508541;20,000009;20,000009;20,000011
0,509029;20,000009;20,000009;20,000011
0,509517;20,000009;20,000009;20,000011
0,510005;20,000010;20,000010;20,000011
0,510493;20,000010;20,000010;20,000011
0,510981;20,000010;20,000010;20,000011
0,511469;20,000010;20,000010;20,000011
0,511957;20,000010;20,000010;20,000012
0,512445;20,000010;20,000010;20,000012
0,512933;20,000010;20,000010;20,000012
0,513421;20,000010;20,000010;20,000012
0,513909;20,000010;20,000010;20,000012
0,514397;20,000011;20,000011;20,000012
0,514885;20,000011;20,000011;20,000013
0,515373;20,000011;20,000011;20,000013
0,515861;20,000011;20,000011;20,000013
0,516349;20,000011;20,000011;20,000013
0,516837;20,000011;20,000011;20,000013
0,517326;20,000012;20,000012;20,000013
0,517814;20,000012;20,000012;20,000014
0,518302;20,000012;20,000012;20,000014
0,518790;20,000012;20,000012;20,000014
0,519278;20,000012;20,000012;20,000014
0,519766;20,000013;20,000013;20,000015
0,520254;20,000013;20,000013;20,000015
0,520742;20,000013;20,000013;20,000015
0,521230;20,000013;20,000013;20,000015
0,521718;20,000013;20,000013;20,000016
0,522206;20,000014;20,000014;20,000016
0,522694;20,000014;20,000014;20,000016
0,523182;20,000014;20,000014;20,000016
0,523670;20,000014;20,000014;20,000017
0,524158;20,000015;20,000015;20,000017
0,524646;20,000015;20,000015;20,000017
0,525134;20,000015;20,000015;20,000018
0,525622;20,000015;20,000015;20,000018
0,526110;20,000016;20,000016;20,000018
0,526598;20,000016;20,000016;20,000019
0,527086;20,000016;20,000016;20,000019
0,527574;20,000017;20,000017;20,000019
0,528062;20,000017;20,000017;20,000020
0,528551;20,000017;20,000017;20,000020
0,529039;20,000018;20,000018;20,000020
0,529527;20,000018;20,000018;20,000021
0,530015;20,000018;20,000018;20,000021
0,530503;20,000019;20,000019;20,000022
0,530991;20,000019;20,000019;20,000022
0,531479;20,000020;20,000020;20,000023
0,531967;20,000020;20,000020;20,000023
0,532455;20,000020;20,000020;20,000023
0,532943;20,000021;20,000021;20,000024
0,533431;20,000021;20,000021;20,000024
0,533919;20,000022;20,000022;20,000025
0,534407;20,000022;20,000022;20,000025
0,534895;20,000023;20,000023;20,000026
0,535383;20,000023;20,000023;20,000026
0,535871;20,000023;20,000023;20,000027
0,536359;20,000024;20,000024;20,000027
0,536847;20,000024;20,000024;20,000028
0,537335;20,000025;20,000025;20,000029
0,537823;20,000025;20,000025;20,000029
0,538311;20,000026;20,000026;20,000030
0,538799;20,000027;20,000027;20,000030
0,539287;20,000027;20,000027;20,000031
0,539776;20,000028;20,000028;20,000032
0,540264;20,000028;20,000028;20,000032
0,540752;20,000029;20,000029;20,000033
0,541240;20,000029;20,000029;20,000034
0,541728;20,000030;20,000030;20,000034
0,542216;20,000031;20,000031;20,000035
0,542704;20,000031;20,000031;20,000036
0,543192;20,000032;20,000032;20,000037
0,543680;20,000033;20,000033;20,000037
0,544168;20,000033;20,000033;20,000038
0,544656;20,000034;20,000034;20,000039
0,545144;20,000035;20,000035;20,000040
0,545632;20,000036;20,000036;20,000041
0,546120;20,000036;20,000036;20,000041
0,546608;20,000037;20,000037;20,000042
0,547096;20,000038;20,000038;20,000043
0,547584;20,000039;20,000039;20,000044
0,548072;20,000040;20,000040;20,000045
0,548560;20,000040;20,000040;20,000046
0,549048;20,000041;20,000041;20,000047
0,549536;20,000042;20,000042;20,000048
0,550024;20,000043;20,000043;20,000049
0,550512;20,000044;20,000044;20,000050
0,551000;20,000045;20,000045;20,000051
0,551489;20,000046;20,000046;20,000052
0,551977;20,000047;20,000047;20,000053
0,552465;20,000048;20,000048;20,000054
0,552953;20,000049;20,000049;20,000055
0,553441;20,000050;20,000050;20,000057
0,553929;20,000051;20,000051;20,000058
0,554417;20,000052;20,000052;20,000059
0,554905;20,000053;20,000053;20,000060
0,555393;20,000054;20,000054;20,000062
0,555881;20,000055;20,000055;20,000063
0,556369;20,000056;20,000056;20,000064
0,556857;20,000058;20,000058;20,000065
0,557345;20,000059;20,000059;20,000067
0,557833;20,000060;20,000060;20,000068
0,558321;20,000061;20,000061;20,000070
0,558809;20,000063;20,000063;20,000071
0,559297;20,000064;20,000064;20,000073
0,559785;20,000065;20,000065;20,000074
0,560273;20,000067;20,000067;20,000076
0,560761;20,000068;20,000068;20,000077
0,561249;20,000070;20,000070;20,000079
0,561737;20,000071;20,000071;20,000080
0,562225;20,000073;20,000073;20,000082
0,562714;20,000074;20,000074;20,000084
0,563202;20,000076;20,000076;20,000086
0,563690;20,000077;20,000077;20,000087
0,564178;20,000079;20,000079;20,000089
0,564666;20,000080;20,000080;20,000091
0,565154;20,000082;20,000082;20,000093
0,565642;20,000084;20,000084;20,000095
0,566130;20,000086;20,000086;20,000097
0,566618;20,000087;20,000087;20,000099
0,567106;20,000089;20,000089;20,000101
0,567594;20,000091;20,000091;20,000103
0,568082;20,000093;20,000093;20,000105
0,568570;20,000095;20,000095;20,000107
0,569058;20,000097;20,000097;20,000109
0,569546;20,000099;20,000099;20,000112
0,570034;20,000101;20,000101;20,000114
0,570522;20,000103;20,000103;20,000116
0,571010;20,000105;20,000105;20,000119
0,571498;20,000107;20,000107;20,000121
0,571986;20,000110;20,000110;20,000124
0,572474;20,000112;20,000112;20,000126
0,572962;20,000114;20,000114;20,000129
0,573450;20,000117;20,000117;20,000131
0,573939;20,000119;20,000119;20,000134
0,574427;20,000121;20,000121;20,000137
0,574915;20,000124;20,000124;20,000139
0,575403;20,000126;20,000126;20,000142
0,575891;20,000129;20,000129;20,000145
0,576379;20,000132;20,000132;20,000148
0,576867;20,000134;20,000134;20,000151
0,577355;20,000137;20,000137;20,000154
0,577843;20,000140;20,000140;20,000157
0,578331;20,000143;20,000143;20,000160
0,578819;20,000146;20,000146;20,000164
0,579307;20,000149;20,000149;20,000167
0,579795;20,000152;20,000152;20,000170
0,580283;20,000155;20,000155;20,000174
0,580771;20,000158;20,000158;20,000177
0,581259;20,000161;20,000161;20,000181
0,581747;20,000164;20,000164;20,000185
0,582235;20,000168;20,000168;20,000188
0,582723;20,000171;20,000171;20,000192
0,583211;20,000175;20,000175;20,000196
0,583699;20,000178;20,000178;20,000200
0,584187;20,000182;20,000182;20,000204
0,584675;20,000186;20,000186;20,000208
0,585163;20,000189;20,000189;20,000212
0,585652;20,000193;20,000193;20,000216
0,586140;20,000197;20,000197;20,000221
0,586628;20,000201;20,000201;20,000225
0,587116;20,000205;20,000205;20,000229
0,587604;20,000209;20,000209;20,000234
0,588092;20,000213;20,000213;20,000239
0,588580;20,000218;20,000218;20,000243
0,589068;20,000222;20,000222;20,000248
0,589556;20,000226;20,000226;20,000253
0,590044;20,000231;20,000231;20,000258
0,590532;20,000236;20,000236;20,000263
0,591020;20,000240;20,000240;20,000268
0,591508;20,000245;20,000245;20,000274
0,591996;20,000250;20,000250;20,000279
0,592484;20,000255;20,000255;20,000285
0,592972;20,000260;20,000260;20,000290
0,593460;20,000265;20,000265;20,000296
0,593948;20,000270;20,000270;20,000302
0,594436;20,000276;20,000276;20,000308
0,594924;20,000281;20,000281;20,000314
0,595412;20,000287;20,000287;20,000320
0,595900;20,000292;20,000292;20,000326
0,596388;20,000298;20,000298;20,000332
0,596877;20,000304;20,000304;20,000339
0,597365;20,000310;20,000310;20,000345
0,597853;20,000316;20,000316;20,000352
0,598341;20,000322;20,000322;20,000359
0,598829;20,000329;20,000329;20,000366
0,599317;20,000335;20,000335;20,000373
0,599805;20,000342;20,000342;20,000380
0,600293;20,000349;20,000349;20,000388
0,600781;20,000355;20,000355;20,000395
0,601269;20,000362;20,000362;20,000403
0,601757;20,000369;20,000369;20,000411
0,602245;20,000377;20,000377;20,000418
0,602733;20,000384;20,000384;20,000427
0,603221;20,000391;20,000391;20,000435
0,603709;20,000399;20,000399;20,000443
0,604197;20,000407;20,000407;20,000452
0,604685;20,000415;20,000415;20,000460
0,605173;20,000423;20,000423;20,000469
0,605661;20,000431;20,000431;20,000478
0,606149;20,000439;20,000439;20,000487
0,606637;20,000448;20,000448;20,000497
0,607125;20,000456;20,000456;20,000506
0,607613;20,000465;20,000465;20,000516
0,608102;20,000474;20,000474;20,000526
0,608590;20,000483;20,000483;20,000536
0,609078;20,000493;20,000493;20,000546
0,609566;20,000502;20,000502;20,000556
0,610054;20,000512;20,000512;20,000567
0,610542;20,000522;20,000522;20,000578
0,611030;20,000532;20,000532;20,000588
0,611518;20,000542;20,000542;20,000600
0,612006;20,000552;20,000552;20,000611
0,612494;20,000563;20,000563;20,000622
0,612982;20,000573;20,000573;20,000634
0,613470;20,000584;20,000584;20,000646
0,613958;20,000596;20,000596;20,000658
0,614446;20,000607;20,000607;20,000671
0,614934;20,000618;20,000618;20,000683
0,615422;20,000630;20,000630;20,000696
0,615910;20,000642;20,000642;20,000709
0,616398;20,000654;20,000654;20,000723
0,616886;20,000667;20,000667;20,000736
0,617374;20,000679;20,000679;20,000750
0,617862;20,000692;20,000692;20,000764
0,618350;20,000705;20,000705;20,000778
0,618838;20,000718;20,000718;20,000793
0,619327;20,000732;20,000732;20,000807
0,619815;20,000746;20,000746;20,000822
0,620303;20,000760;20,000760;20,000838
0,620791;20,000774;20,000774;20,000853
0,621279;20,000789;20,000789;20,000869
0,621767;20,000803;20,000803;20,000885
0,622255;20,000818;20,000818;20,000902
0,622743;20,000834;20,000834;20,000918
0,623231;20,000849;20,000849;20,000935
0,623719;20,000865;20,000865;20,000952
0,624207;20,000881;20,000881;20,000970
0,624695;20,000898;20,000898;20,000988
0,625183;20,000914;20,000914;20,001006
0,625671;20,000931;20,000931;20,001024
0,626159;20,000949;20,000949;20,001043
0,626647;20,000966;20,000966;20,001062
0,627135;20,000984;20,000984;20,001082
0,627623;20,001002;20,001002;20,001102
0,628111;20,001021;20,001021;20,001122
0,628599;20,001040;20,001040;20,001142
0,629087;20,001059;20,001059;20,001163
0,629575;20,001078;20,001078;20,001184
0,630063;20,001098;20,001098;20,001206
0,630551;20,001118;20,001118;20,001228
0,631040;20,001139;20,001139;20,001250
0,631528;20,001160;20,001160;20,001273
0,632016;20,001181;20,001181;20,001296
0,632504;20,001203;20,001203;20,001319
0,632992;20,001225;20,001225;20,001343
0,633480;20,001247;20,001247;20,001367
0,633968;20,001270;20,001270;20,001392
0,634456;20,001293;20,001293;20,001417
0,634944;20,001317;20,001317;20,001443
0,635432;20,001341;20,001341;20,001469
0,635920;20,001365;20,001365;20,001495
0,636408;20,001390;20,001390;20,001522
0,636896;20,001415;20,001415;20,001549
0,637384;20,001441;20,001441;20,001577
0,637872;20,001467;20,001467;20,001605
0,638360;20,001493;20,001493;20,001634
0,638848;20,001520;20,001520;20,001663
0,639336;20,001548;20,001548;20,001693
0,639824;20,001576;20,001576;20,001723
0,640312;20,001604;20,001604;20,001754
0,640800;20,001633;20,001633;20,001785
0,641288;20,001662;20,001662;20,001816
0,641776;20,001692;20,001692;20,001849
0,642265;20,001722;20,001722;20,001881
0,642753;20,001753;20,001753;20,001915
0,643241;20,001784;20,001784;20,001949
0,643729;20,001816;20,001816;20,001983
0,644217;20,001849;20,001849;20,002018
0,644705;20,001882;20,001882;20,002054
0,645193;20,001915;20,001915;20,002090
0,645681;20,001949;20,001949;20,002127
0,646169;20,001984;20,001984;20,002164
0,646657;20,002019;20,002019;20,002202
0,647145;20,002055;20,002055;20,002241
0,647633;20,002091;20,002091;20,002280
0,648121;20,002128;20,002128;20,002320
0,648609;20,002166;20,002166;20,002360
0,649097;20,002204;20,002204;20,002401
0,649585;20,002243;20,002243;20,002443
0,650073;20,002283;20,002283;20,002486
0,650561;20,002323;20,002323;20,002529
0,651049;20,002364;20,002364;20,002573
0,651537;20,002405;20,002405;20,002618
0,652025;20,002447;20,002447;20,002663
0,652513;20,002490;20,002490;20,002709
0,653001;20,002534;20,002534;20,002756
0,653490;20,002578;20,002578;20,002804
0,653978;20,002623;20,002623;20,002852
0,654466;20,002669;20,002669;20,002901
0,654954;20,002715;20,002715;20,002951
0,655442;20,002763;20,002763;20,003002
0,655930;20,002811;20,002811;20,003054
0,656418;20,002860;20,002860;20,003106
0,656906;20,002909;20,002909;20,003160
0,657394;20,002960;20,002960;20,003214
0,657882;20,003011;20,003011;20,003269
0,658370;20,003063;20,003063;20,003325
0,658858;20,003116;20,003116;20,003381
0,659346;20,003170;20,003170;20,003439
0,659834;20,003224;20,003224;20,003498
0,660322;20,003280;20,003280;20,003557
0,660810;20,003336;20,003336;20,003618
0,661298;20,003393;20,003393;20,003679
0,661786;20,003452;20,003452;20,003742
0,662274;20,003511;20,003511;20,003805
0,662762;20,003571;20,003571;20,003869
0,663250;20,003632;20,003632;20,003935
0,663738;20,003694;20,003694;20,004001
0,664226;20,003757;20,003757;20,004069
0,664714;20,003821;20,003821;20,004137
0,665203;20,003886;20,003886;20,004207
0,665691;20,003952;20,003952;20,004278
0,666179;20,004019;20,004019;20,004350
0,666667;20,004087;20,004087;20,004423
0,667155;20,004157;20,004157;20,004497
0,667643;20,004227;20,004227;20,004572
0,668131;20,004298;20,004298;20,004648
0,668619;20,004371;20,004371;20,004726
0,669107;20,004445;20,004445;20,004805
0,669595;20,004520;20,004520;20,004885
0,670083;20,004596;20,004596;20,004966
0,670571;20,004673;20,004673;20,005049
0,671059;20,004752;20,004752;20,005133
0,671547;20,004831;20,004831;20,005218
0,672035;20,004912;20,004912;20,005304
0,672523;20,004994;20,004994;20,005392
0,673011;20,005078;20,005078;20,005481
0,673499;20,005163;20,005163;20,005572
0,673987;20,005249;20,005249;20,005663
0,674475;20,005336;20,005336;20,005757
0,674963;20,005425;20,005425;20,005852
0,675451;20,005515;20,005515;20,005948
0,675939;20,005607;20,005607;20,006045
0,676428;20,005700;20,005700;20,006144
0,676916;20,005794;20,005794;20,006245
0,677404;20,005890;20,005890;20,006347
0,677892;20,005987;20,005987;20,006451
0,678380;20,006086;20,006086;20,006556
0,678868;20,006187;20,006187;20,006663
0,679356;20,006288;20,006288;20,006772
0,679844;20,006392;20,006392;20,006882
0,680332;20,006497;20,006497;20,006994
0,680820;20,006604;20,006604;20,007107
0,681308;20,006712;20,006712;20,007223
0,681796;20,006822;20,006822;20,007340
0,682284;20,006933;20,006933;20,007458
0,682772;20,007047;20,007047;20,007579
0,683260;20,007162;20,007162;20,007701
0,683748;20,007278;20,007278;20,007825
0,684236;20,007397;20,007397;20,007951
0,684724;20,007517;20,007517;20,008079
0,685212;20,007639;20,007639;20,008209
0,685700;20,007763;20,007763;20,008341
0,686188;20,007889;20,007889;20,008474
0,686676;20,008017;20,008017;20,008610
0,687164;20,008146;20,008146;20,008747
0,687653;20,008278;20,008278;20,008887
0,688141;20,008411;20,008411;20,009029
0,688629;20,008547;20,008547;20,009173
0,689117;20,008684;20,008684;20,009319
0,689605;20,008824;20,008824;20,009467
0,690093;20,008965;20,008965;20,009617
0,690581;20,009109;20,009109;20,009770
0,691069;20,009255;20,009255;20,009924
0,691557;20,009403;20,009403;20,010081
0,692045;20,009553;20,009553;20,010241
0,692533;20,009706;20,009706;20,010402
0,693021;20,009861;20,009861;20,010566
0,693509;20,010018;20,010018;20,010733
0,693997;20,010177;20,010177;20,010902
0,694485;20,010339;20,010339;20,011073
0,694973;20,010503;20,010503;20,011247
0,695461;20,010669;20,010669;20,011423
0,695949;20,010838;20,010838;20,011602
0,696437;20,011009;20,011009;20,011783
0,696925;20,011183;20,011183;20,011967
0,697413;20,011359;20,011359;20,012154
0,697901;20,011538;20,011538;20,012343
0,698389;20,011720;20,011720;20,012535
0,698878;20,011904;20,011904;20,012730
0,699366;20,012091;20,012091;20,012927
0,699854;20,012280;20,012280;20,013128
0,700342;20,012473;20,012473;20,013331
0,700830;20,012668;20,012668;20,013537
0,701318;20,012866;20,012866;20,013747
0,701806;20,013066;20,013066;20,013959
0,702294;20,013270;20,013270;20,014174
0,702782;20,013476;20,013476;20,014392
0,703270;20,013686;20,013686;20,014613
0,703758;20,013898;20,013898;20,014838
0,704246;20,014114;20,014114;20,015065
0,704734;20,014333;20,014333;20,015296
0,705222;20,014554;20,014554;20,015530
0,705710;20,014779;20,014779;20,015767
0,706198;20,015007;20,015007;20,016008
0,706686;20,015239;20,015239;20,016252
0,707174;20,015473;20,015473;20,016500
0,707662;20,015711;20,015711;20,016751
0,708150;20,015952;20,015952;20,017005
0,708638;20,016197;20,016197;20,017263
0,709126;20,016445;20,016445;20,017525
0,709614;20,016697;20,016697;20,017790
0,710102;20,016952;20,016952;20,018059
0,710591;20,017211;20,017211;20,018331
0,711079;20,017473;20,017473;20,018608
0,711567;20,017739;20,017739;20,018888
0,712055;20,018009;20,018009;20,019172
0,712543;20,018283;20,018283;20,019460
0,713031;20,018560;20,018560;20,019752
0,713519;20,018841;20,018841;20,020048
0,714007;20,019126;20,019126;20,020349
0,714495;20,019416;20,019416;20,020653
0,714983;20,019709;20,019709;20,020961
0,715471;20,020006;20,020006;20,021274
0,715959;20,020307;20,020307;20,021591
0,716447;20,020613;20,020613;20,021912
0,716935;20,020922;20,020922;20,022238
0,717423;20,021236;20,021236;20,022568
0,717911;20,021554;20,021554;20,022902
0,718399;20,021877;20,021877;20,023241
0,718887;20,022204;20,022204;20,023585
0,719375;20,022536;20,022536;20,023933
0,719863;20,022872;20,022872;20,024286
0,720351;20,023212;20,023212;20,024644
0,720839;20,023557;20,023557;20,025007
0,721327;20,023907;20,023907;20,025374
0,721816;20,024262;20,024262;20,025746
0,722304;20,024622;20,024622;20,026124
0,722792;20,024986;20,024986;20,026506
0,723280;20,025355;20,025355;20,026894
0,723768;20,025730;20,025730;20,027287
0,724256;20,026109;20,026109;20,027685
0,724744;20,026493;20,026493;20,028088
0,725232;20,026883;20,026883;20,028496
0,725720;20,027278;20,027278;20,028911
0,726208;20,027678;20,027678;20,029330
0,726696;20,028084;20,028084;20,029755
0,727184;20,028495;20,028495;20,030186
0,727672;20,028911;20,028911;20,030622
0,728160;20,029333;20,029333;20,031064
0,728648;20,029761;20,029761;20,031512
0,729136;20,030194;20,030194;20,031966
0,729624;20,030633;20,030633;20,032426
0,730112;20,031078;20,031078;20,032892
0,730600;20,031529;20,031529;20,033364
0,731088;20,031985;20,031985;20,033842
0,731576;20,032448;20,032448;20,034326
0,732064;20,032917;20,032917;20,034817
0,732552;20,033392;20,033392;20,035314
0,733041;20,033873;20,033873;20,035818
0,733529;20,034361;20,034361;20,036328
0,734017;20,034855;20,034855;20,036844
0,734505;20,035355;20,035355;20,037368
0,734993;20,035862;20,035862;20,037898
0,735481;20,036376;20,036376;20,038435
0,735969;20,036896;20,036896;20,038978
0,736457;20,037423;20,037423;20,039529
0,736945;20,037957;20,037957;20,040087
0,737433;20,038498;20,038498;20,040652
0,737921;20,039045;20,039045;20,041224
0,738409;20,039600;20,039600;20,041804
0,738897;20,040162;20,040162;20,042391
0,739385;20,040731;20,040731;20,042985
0,739873;20,041308;20,041308;20,043587
0,740361;20,041892;20,041892;20,044197
0,740849;20,042483;20,042483;20,044814
0,741337;20,043082;20,043082;20,045439
0,741825;20,043689;20,043689;20,046072
0,742313;20,044304;20,044304;20,046713
0,742801;20,044926;20,044926;20,047362
0,743289;20,045556;20,045556;20,048020
0,743777;20,046194;20,046194;20,048685
0,744265;20,046841;20,046841;20,049359
0,744754;20,047495;20,047495;20,050041
0,745242;20,048158;20,048158;20,050732
0,745730;20,048829;20,048829;20,051432
0,746218;20,049508;20,049508;20,052140
0,746706;20,050197;20,050197;20,052857
0,747194;20,050893;20,050893;20,053583
0,747682;20,051599;20,051599;20,054318
0,748170;20,052313;20,052313;20,055062
0,748658;20,053037;20,053037;20,055815
0,749146;20,053769;20,053769;20,056578
0,749634;20,054510;20,054510;20,057350
0,750122;20,055261;20,055261;20,058131
0,750610;20,056021;20,056021;20,058922
0,751098;20,056791;20,056791;20,059723
0,751586;20,057570;20,057570;20,060534
0,752074;20,058358;20,058358;20,061354
0,752562;20,059157;20,059157;20,062185
0,753050;20,059965;20,059965;20,063025
0,753538;20,060783;20,060783;20,063876
0,754026;20,061612;20,061612;20,064737
0,754514;20,062450;20,062450;20,065609
0,755002;20,063299;20,063299;20,066491
0,755490;20,064158;20,064158;20,067384
0,755979;20,065028;20,065028;20,068288
0,756467;20,065908;20,065908;20,069203
0,756955;20,066799;20,066799;20,070128
0,757443;20,067701;20,067701;20,071065
0,757931;20,068613;20,068613;20,072013
0,758419;20,069537;20,069537;20,072972
0,758907;20,070472;20,070472;20,073943
0,759395;20,071418;20,071418;20,074926
0,759883;20,072376;20,072376;20,075920
0,760371;20,073345;20,073345;20,076926
0,760859;20,074326;20,074326;20,077944
0,761347;20,075319;20,075319;20,078974
0,761835;20,076324;20,076324;20,080016
0,762323;20,077340;20,077340;20,081071
0,762811;20,078369;20,078369;20,082138
0,763299;20,079410;20,079410;20,083218
0,763787;20,080463;20,080463;20,084310
0,764275;20,081529;20,081529;20,085415
0,764763;20,082608;20,082608;20,086533
0,765251;20,083699;20,083699;20,087665
0,765739;20,084804;20,084804;20,088809
0,766227;20,085921;20,085921;20,089967
0,766715;20,087052;20,087052;20,091139
0,767204;20,088195;20,088195;20,092324
0,767692;20,089353;20,089353;20,093522
0,768180;20,090524;20,090524;20,094735
0,768668;20,091708;20,091708;20,095962
0,769156;20,092907;20,092907;20,097203
0,769644;20,094119;20,094119;20,098458
0,770132;20,095346;20,095346;20,099728
0,770620;20,096587;20,096587;20,101012
0,771108;20,097842;20,097842;20,102312
0,771596;20,099112;20,099112;20,103626
0,772084;20,100396;20,100396;20,104955
0,772572;20,101696;20,101696;20,106299
0,773060;20,103010;20,103010;20,107659
0,773548;20,104340;20,104340;20,109034
0,774036;20,105685;20,105685;20,110425
0,774524;20,107045;20,107045;20,111831
0,775012;20,108421;20,108421;20,113254
0,775500;20,109813;20,109813;20,114693
0,775988;20,111220;20,111220;20,116147
0,776476;20,112644;20,112644;20,117619
0,776964;20,114084;20,114084;20,119107
0,777452;20,115540;20,115540;20,120611
0,777940;20,117013;20,117013;20,122133
0,778429;20,118502;20,118502;20,123671
0,778917;20,120009;20,120009;20,125227
0,779405;20,121532;20,121532;20,126800
0,779893;20,123073;20,123073;20,128391
0,780381;20,124631;20,124631;20,130000
0,780869;20,126206;20,126206;20,131626
0,781357;20,127799;20,127799;20,133270
0,781845;20,129410;20,129410;20,134933
0,782333;20,131039;20,131039;20,136614
0,782821;20,132686;20,132686;20,138313
0,783309;20,134351;20,134351;20,140031
0,783797;20,136035;20,136035;20,141769
0,784285;20,137738;20,137738;20,143525
0,784773;20,139460;20,139460;20,145300
0,785261;20,141200;20,141200;20,147095
0,785749;20,142960;20,142960;20,148910
0,786237;20,144739;20,144739;20,150744
0,786725;20,146538;20,146538;20,152598
0,787213;20,148357;20,148357;20,154473
0,787701;20,150195;20,150195;20,156367
0,788189;20,152054;20,152054;20,158283
0,788677;20,153933;20,153933;20,160218
0,789165;20,155833;20,155833;20,162175
0,789653;20,157753;20,157753;20,164153
0,790142;20,159694;20,159694;20,166153
0,790630;20,161656;20,161656;20,168173
0,791118;20,163640;20,163640;20,170216
0,791606;20,165645;20,165645;20,172280
0,792094;20,167671;20,167671;20,174366
0,792582;20,169720;20,169720;20,176475
0,793070;20,171790;20,171790;20,178606
0,793558;20,173883;20,173883;20,180759
0,794046;20,175998;20,175998;20,182936
0,794534;20,178136;20,178136;20,185135
0,795022;20,180296;20,180296;20,187358
0,795510;20,182480;20,182480;20,189604
0,795998;20,184687;20,184687;20,191874
0,796486;20,186918;20,186918;20,194167
0,796974;20,189172;20,189172;20,196485
0,797462;20,191450;20,191450;20,198827
0,797950;20,193752;20,193752;20,201194
0,798438;20,196078;20,196078;20,203585
0,798926;20,198429;20,198429;20,206001
0,799414;20,200805;20,200805;20,208442
0,799902;20,203205;20,203205;20,210909
0,800390;20,205631;20,205631;20,213401
0,800878;20,208082;20,208082;20,215919
0,801367;20,210558;20,210558;20,218463
0,801855;20,213061;20,213061;20,221033
0,802343;20,215589;20,215589;20,223630
0,802831;20,218144;20,218144;20,226253
0,803319;20,220725;20,220725;20,228904
0,803807;20,223333;20,223333;20,231581
0,804295;20,225968;20,225968;20,234286
0,804783;20,228630;20,228630;20,237018
0,805271;20,231320;20,231320;20,239778
0,805759;20,234037;20,234037;20,242566
0,806247;20,236782;20,236782;20,245382
0,806735;20,239555;20,239555;20,248227
0,807223;20,242356;20,242356;20,251101
0,807711;20,245186;20,245186;20,254004
0,808199;20,248045;20,248045;20,256935
0,808687;20,250933;20,250933;20,259897
0,809175;20,253850;20,253850;20,262888
0,809663;20,256796;20,256796;20,265909
0,810151;20,259773;20,259773;20,268960
0,810639;20,262779;20,262779;20,272041
0,811127;20,265816;20,265816;20,275154
0,811615;20,268883;20,268883;20,278297
0,812103;20,271981;20,271981;20,281471
0,812592;20,275110;20,275110;20,284677
0,813080;20,278270;20,278270;20,287914
0,813568;20,281462;20,281462;20,291184
0,814056;20,284685;20,284685;20,294485
0,814544;20,287941;20,287941;20,297820
0,815032;20,291228;20,291228;20,301186
0,815520;20,294549;20,294549;20,304586
0,816008;20,297902;20,297902;20,308019
0,816496;20,301288;20,301288;20,311485
0,816984;20,304707;20,304707;20,314985
0,817472;20,308161;20,308161;20,318520
0,817960;20,311648;20,311648;20,322088
0,818448;20,315169;20,315169;20,325691
0,818936;20,318724;20,318724;20,329329
0,819424;20,322314;20,322314;20,333002
0,819912;20,325939;20,325939;20,336710
0,820400;20,329599;20,329599;20,340454
0,820888;20,333295;20,333295;20,344233
0,821376;20,337027;20,337027;20,348049
0,821864;20,340794;20,340794;20,351902
0,822352;20,344598;20,344598;20,355791
0,822840;20,348438;20,348438;20,359717
0,823328;20,352316;20,352316;20,363680
0,823816;20,356230;20,356230;20,367681
0,824305;20,360182;20,360182;20,371720
0,824793;20,364172;20,364172;20,375797
0,825281;20,368199;20,368199;20,379912
0,825769;20,372265;20,372265;20,384066
0,826257;20,376370;20,376370;20,388259
0,826745;20,380513;20,380513;20,392491
0,827233;20,384695;20,384695;20,396763
0,827721;20,388917;20,388917;20,401075
0,828209;20,393179;20,393179;20,405427
0,828697;20,397481;20,397481;20,409819
0,829185;20,401823;20,401823;20,414253
0,829673;20,406206;20,406206;20,418727
0,830161;20,410629;20,410629;20,423242
0,830649;20,415094;20,415094;20,427799
0,831137;20,419601;20,419601;20,432398
0,831625;20,424149;20,424149;20,437040
0,832113;20,428739;20,428739;20,441724
0,832601;20,433372;20,433372;20,446450
0,833089;20,438048;20,438048;20,451220
0,833577;20,442767;20,442767;20,456034
0,834065;20,447529;20,447529;20,460891
0,834553;20,452335;20,452335;20,465792
0,835041;20,457185;20,457185;20,470738
0,835530;20,462079;20,462079;20,475728
0,836018;20,467018;20,467018;20,480764
0,836506;20,472001;20,472001;20,485845
0,836994;20,477030;20,477030;20,490971
0,837482;20,482105;20,482105;20,496143
0,837970;20,487226;20,487226;20,501362
0,838458;20,492392;20,492392;20,506628
0,838946;20,497606;20,497606;20,511940
0,839434;20,502866;20,502866;20,517299
0,839922;20,508173;20,508173;20,522706
0,840410;20,513528;20,513528;20,528162
0,840898;20,518931;20,518931;20,533665
0,841386;20,524382;20,524382;20,539217
0,841874;20,529881;20,529881;20,544817
0,842362;20,535430;20,535430;20,550467
0,842850;20,541027;20,541027;20,556167
0,843338;20,546674;20,546674;20,561916
0,843826;20,552371;20,552371;20,567716
0,844314;20,558118;20,558118;20,573566
0,844802;20,563916;20,563916;20,579467
0,845290;20,569765;20,569765;20,585419
0,845778;20,575664;20,575664;20,591423
0,846266;20,581615;20,581615;20,597479
0,846755;20,587619;20,587619;20,603587
0,847243;20,593674;20,593674;20,609748
0,847731;20,599782;20,599782;20,615961
0,848219;20,605943;20,605943;20,622228
0,848707;20,612157;20,612157;20,628549
0,849195;20,618425;20,618425;20,634923
0,849683;20,624746;20,624746;20,641352
0,850171;20,631122;20,631122;20,647835
0,850659;20,637553;20,637553;20,654373
0,851147;20,644039;20,644039;20,660967
0,851635;20,650580;20,650580;20,667616
0,852123;20,657177;20,657177;20,674322
0,852611;20,663830;20,663830;20,681084
0,853099;20,670539;20,670539;20,687903
0,853587;20,677305;20,677305;20,694778
0,854075;20,684128;20,684128;20,701712
0,854563;20,691009;20,691009;20,708703
0,855051;20,697948;20,697948;20,715752
0,855539;20,704945;20,704945;20,722860
0,856027;20,712000;20,712000;20,730027
0,856515;20,719115;20,719115;20,737253
0,857003;20,726289;20,726289;20,744538
0,857491;20,733522;20,733522;20,751884
0,857980;20,740816;20,740816;20,759290
0,858468;20,748170;20,748170;20,766757
0,858956;20,755585;20,755585;20,774285
0,859444;20,763061;20,763061;20,781874
0,859932;20,770598;20,770598;20,789525
0,860420;20,778198;20,778198;20,797238
0,860908;20,785860;20,785860;20,805014
0,861396;20,793584;20,793584;20,812853
0,861884;20,801371;20,801371;20,820755
0,862372;20,809222;20,809222;20,828721
0,862860;20,817137;20,817137;20,836751
0,863348;20,825116;20,825116;20,844845
0,863836;20,833159;20,833159;20,853004
0,864324;20,841267;20,841267;20,861229
0,864812;20,849441;20,849441;20,869519
0,865300;20,857680;20,857680;20,877874
0,865788;20,865985;20,865985;20,886296
0,866276;20,874357;20,874357;20,894785
0,866764;20,882796;20,882796;20,903341
0,867252;20,891301;20,891301;20,911964
0,867740;20,899875;20,899875;20,920655
0,868228;20,908516;20,908516;20,929415
0,868716;20,917226;20,917226;20,938242
0,869204;20,926004;20,926004;20,947139
0,869693;20,934852;20,934852;20,956105
0,870181;20,943769;20,943769;20,965141
0,870669;20,952756;20,952756;20,974247
0,871157;20,961813;20,961813;20,983424
0,871645;20,970941;20,970941;20,992671
0,872133;20,980140;20,980140;21,001990
0,872621;20,989410;20,989410;21,011380
0,873109;20,998753;20,998753;21,020843
0,873597;21,008167;21,008167;21,030378
0,874085;21,017655;21,017655;21,039985
0,874573;21,027215;21,027215;21,049666
0,875061;21,036849;21,036849;21,059421
0,875549;21,046556;21,046556;21,069249
0,876037;21,056338;21,056338;21,079152
0,876525;21,066194;21,066194;21,089130
0,877013;21,076126;21,076126;21,099183
0,877501;21,086132;21,086132;21,109311
0,877989;21,096215;21,096215;21,119515
0,878477;21,106374;21,106374;21,129796
0,878965;21,116609;21,116609;21,140153
0,879453;21,126922;21,126922;21,150588
0,879941;21,137311;21,137311;21,161100
0,880429;21,147779;21,147779;21,171690
0,880918;21,158325;21,158325;21,182358
0,881406;21,168949;21,168949;21,193105
0,881894;21,179653;21,179653;21,203932
0,882382;21,190435;21,190435;21,214837
0,882870;21,201298;21,201298;21,225823
0,883358;21,212241;21,212241;21,236889
0,883846;21,223264;21,223264;21,248035
0,884334;21,234368;21,234368;21,259263
0,884822;21,245554;21,245554;21,270572
0,885310;21,256822;21,256822;21,281963
0,885798;21,268172;21,268172;21,293436
0,886286;21,279604;21,279604;21,304992
0,886774;21,291119;21,291119;21,316631
0,887262;21,302718;21,302718;21,328354
0,887750;21,314401;21,314401;21,340160
0,888238;21,326167;21,326167;21,352051
0,888726;21,338019;21,338019;21,364026
0,889214;21,349955;21,349955;21,376086
0,889702;21,361977;21,361977;21,388232
0,890190;21,374085;21,374085;21,400464
0,890678;21,386279;21,386279;21,412782
0,891166;21,398560;21,398560;21,425186
0,891654;21,410927;21,410927;21,437678
0,892143;21,423382;21,423382;21,450257
0,892631;21,435925;21,435925;21,462924
0,893119;21,448556;21,448556;21,475679
0,893607;21,461276;21,461276;21,488523
0,894095;21,474085;21,474085;21,501456
0,894583;21,486983;21,486983;21,514478
0,895071;21,499972;21,499972;21,527590
0,895559;21,513050;21,513050;21,540793
0,896047;21,526219;21,526219;21,554086
0,896535;21,539480;21,539480;21,567470
0,897023;21,552831;21,552831;21,580946
0,897511;21,566275;21,566275;21,594513
0,897999;21,579811;21,579811;21,608173
0,898487;21,593439;21,593439;21,621925
0,898975;21,607161;21,607161;21,635770
0,899463;21,620976;21,620976;21,649709
0,899951;21,634885;21,634885;21,663741
0,900439;21,648888;21,648888;21,677868
0,900927;21,662986;21,662986;21,692089
0,901415;21,677179;21,677179;21,706405
0,901903;21,691468;21,691468;21,720817
0,902391;21,705852;21,705852;21,735324
0,902879;21,720333;21,720333;21,749928
0,903367;21,734911;21,734911;21,764628
0,903856;21,749585;21,749585;21,779425
0,904344;21,764357;21,764357;21,794320
0,904832;21,779227;21,779227;21,809312
0,905320;21,794195;21,794195;21,824402
0,905808;21,809262;21,809262;21,839591
0,906296;21,824428;21,824428;21,854879
0,906784;21,839693;21,839693;21,870266
0,907272;21,855058;21,855058;21,885753
0,907760;21,870524;21,870524;21,901340
0,908248;21,886090;21,886090;21,917027
0,908736;21,901757;21,901757;21,932815
0,909224;21,917526;21,917526;21,948705
0,909712;21,933396;21,933396;21,964696
0,910200;21,949369;21,949369;21,980789
0,910688;21,965444;21,965444;21,996984
0,911176;21,981622;21,981622;22,013283
0,911664;21,997903;21,997903;22,029684
0,912152;22,014289;22,014289;22,046189
0,912640;22,030778;22,030778;22,062798
0,913128;22,047372;22,047372;22,079511
0,913616;22,064071;22,064071;22,096329
0,914104;22,080875;22,080875;22,113252
0,914592;22,097785;22,097785;22,130280
0,915081;22,114801;22,114801;22,147415
0,915569;22,131924;22,131924;22,164655
0,916057;22,149153;22,149153;22,182002
0,916545;22,166489;22,166489;22,199456
0,917033;22,183934;22,183934;22,217017
0,917521;22,201486;22,201486;22,234686
0,918009;22,219146;22,219146;22,252463
0,918497;22,236915;22,236915;22,270348
0,918985;22,254793;22,254793;22,288342
0,919473;22,272781;22,272781;22,306446
0,919961;22,290879;22,290879;22,324659
0,920449;22,309086;22,309086;22,342981
0,920937;22,327405;22,327405;22,361414
0,921425;22,345834;22,345834;22,379958
0,921913;22,364375;22,364375;22,398613
0,922401;22,383027;22,383027;22,417378
0,922889;22,401791;22,401791;22,436256
0,923377;22,420668;22,420668;22,455246
0,923865;22,439658;22,439658;22,474348
0,924353;22,458760;22,458760;22,493563
0,924841;22,477977;22,477977;22,512891
0,925329;22,497307;22,497307;22,532332
0,925817;22,516751;22,516751;22,551888
0,926306;22,536310;22,536310;22,571557
0,926794;22,555984;22,555984;22,591341
0,927282;22,575773;22,575773;22,611240
0,927770;22,595677;22,595677;22,631254
0,928258;22,615698;22,615698;22,651384
0,928746;22,635835;22,635835;22,671630
0,929234;22,656089;22,656089;22,691992
0,929722;22,676460;22,676460;22,712470
0,930210;22,696948;22,696948;22,733066
0,930698;22,717554;22,717554;22,753778
0,931186;22,738278;22,738278;22,774609
0,931674;22,759120;22,759120;22,795557
0,932162;22,780081;22,780081;22,816623
0,932650;22,801161;22,801161;22,837809
0,933138;22,822361;22,822361;22,859113
0,933626;22,843680;22,843680;22,880536
0,934114;22,865120;22,865120;22,902079
0,934602;22,886680;22,886680;22,923742
0,935090;22,908360;22,908360;22,945525
0,935578;22,930162;22,930162;22,967429
0,936066;22,952085;22,952085;22,989453
0,936554;22,974130;22,974130;23,011599
0,937042;22,996296;22,996296;23,033866
0,937531;23,018586;23,018586;23,056255
0,938019;23,040997;23,040997;23,078766
0,938507;23,063532;23,063532;23,101400
0,938995;23,086190;23,086190;23,124156
0,939483;23,108972;23,108972;23,147036
0,939971;23,131878;23,131878;23,170039
0,940459;23,154907;23,154907;23,193165
0,940947;23,178062;23,178062;23,216416
0,941435;23,201341;23,201341;23,239790
0,941923;23,224746;23,224746;23,263290
0,942411;23,248275;23,248275;23,286914
0,942899;23,271931;23,271931;23,310663
0,943387;23,295713;23,295713;23,334538
0,943875;23,319621;23,319621;23,358539
0,944363;23,343655;23,343655;23,382665
0,944851;23,367817;23,367817;23,406918
0,945339;23,392106;23,392106;23,431298
0,945827;23,416522;23,416522;23,455804
0,946315;23,441066;23,441066;23,480437
0,946803;23,465738;23,465738;23,505198
0,947291;23,490539;23,490539;23,530087
0,947779;23,515468;23,515468;23,555103
0,948267;23,540526;23,540526;23,580248
0,948755;23,565713;23,565713;23,605522
0,949244;23,591029;23,591029;23,630924
0,949732;23,616476;23,616476;23,656455
0,950220;23,642052;23,642052;23,682115
0,950708;23,667758;23,667758;23,707905
0,951196;23,693595;23,693595;23,733825
0,951684;23,719563;23,719563;23,759875
0,952172;23,745662;23,745662;23,786055
0,952660;23,771892;23,771892;23,812366
0,953148;23,798253;23,798253;23,838808
0,953636;23,824747;23,824747;23,865381
0,954124;23,851372;23,851372;23,892085
0,954612;23,878130;23,878130;23,918920
0,955100;23,905020;23,905020;23,945888
0,955588;23,932043;23,932043;23,972987
0,956076;23,959198;23,959198;24,000219
0,956564;23,986488;23,986488;24,027583
0,957052;24,013910;24,013910;24,055080
0,957540;24,041466;24,041466;24,082709
0,958028;24,069156;24,069156;24,110472
0,958516;24,096981;24,096981;24,138369
0,959004;24,124939;24,124939;24,166399
0,959492;24,153032;24,153032;24,194562
0,959980;24,181260;24,181260;24,222860
0,960469;24,209623;24,209623;24,251292
0,960957;24,238122;24,238122;24,279859
0,961445;24,266755;24,266755;24,308560
0,961933;24,295525;24,295525;24,337396
0,962421;24,324430;24,324430;24,366367
0,962909;24,353471;24,353471;24,395473
0,963397;24,382648;24,382648;24,424715
0,963885;24,411962;24,411962;24,454092
0,964373;24,441413;24,441413;24,483605
0,964861;24,471000;24,471000;24,513255
0,965349;24,500724;24,500724;24,543040
0,965837;24,530586;24,530586;24,572962
0,966325;24,560585;24,560585;24,603020
0,966813;24,590721;24,590721;24,633215
0,967301;24,620995;24,620995;24,663547
0,967789;24,651407;24,651407;24,694016
0,968277;24,681957;24,681957;24,724623
0,968765;24,712646;24,712646;24,755366
0,969253;24,743473;24,743473;24,786248
0,969741;24,774438;24,774438;24,817267
0,970229;24,805542;24,805542;24,848424
0,970717;24,836785;24,836785;24,879719
0,971205;24,868167;24,868167;24,911152
0,971694;24,899688;24,899688;24,942723
0,972182;24,931349;24,931349;24,974433
0,972670;24,963149;24,963149;25,006282
0,973158;24,995089;24,995089;25,038269
0,973646;25,027168;25,027168;25,070395
0,974134;25,059388;25,059388;25,102661
0,974622;25,091747;25,091747;25,135065
0,975110;25,124247;25,124247;25,167609
0,975598;25,156887;25,156887;25,200292
0,976086;25,189667;25,189667;25,233115
0,976574;25,222588;25,222588;25,266077
0,977062;25,255649;25,255649;25,299179
0,977550;25,288852;25,288852;25,332421
0,978038;25,322195;25,322195;25,365803
0,978526;25,355679;25,355679;25,399326
0,979014;25,389304;25,389304;25,432988
0,979502;25,423071;25,423071;25,466791
0,979990;25,456979;25,456979;25,500734
0,980478;25,491028;25,491028;25,534817
0,980966;25,525218;25,525218;25,569041
0,981454;25,559551;25,559551;25,603406
0,981942;25,594025;25,594025;25,637912
0,982430;25,628641;25,628641;25,672558
0,982918;25,663398;25,663398;25,707346
0,983407;25,698298;25,698298;25,742274
0,983895;25,733339;25,733339;25,777343
0,984383;25,768523;25,768523;25,812554
0,984871;25,803848;25,803848;25,847906
0,985359;25,839316;25,839316;25,883399
0,985847;25,874927;25,874927;25,919033
0,986335;25,910679;25,910679;25,954809
0,986823;25,946574;25,946574;25,990726
0,987311;25,982612;25,982612;26,026785
0,987799;26,018791;26,018791;26,062986
0,988287;26,055114;26,055114;26,099328
0,988775;26,091579;26,091579;26,135811
0,989263;26,128186;26,128186;26,172436
0,989751;26,164937;26,164937;26,209203
0,990239;26,201830;26,201830;26,246112
0,990727;26,238865;26,238865;26,283163
0,991215;26,276044;26,276044;26,320355
0,991703;26,313365;26,313365;26,357689
0,992191;26,350829;26,350829;26,395165
0,992679;26,388436;26,388436;26,432783
0,993167;26,426186;26,426186;26,470543
0,993655;26,464078;26,464078;26,508445
0,994143;26,502114;26,502114;26,546488
0,994632;26,540292;26,540292;26,584674
0,995120;26,578613;26,578613;26,623001
0,995608;26,617077;26,617077;26,661471
0,996096;26,655684;26,655684;26,700082
0,996584;26,694434;26,694434;26,738835
0,997072;26,733326;26,733326;26,777730
0,997560;26,772362;26,772362;26,816767
0,998048;26,811540;26,811540;26,855946
0,998536;26,850861;26,850861;26,895267
0,999024;26,890325;26,890325;26,934729
0,999512;26,929933;26,929933;26,974334
1,000000;26,969688;26,969688;27,014080
